location_id,status,current_trip_id,car_id,eta_to_dropoff,eta_to_pickup
182,en_route_with_client,96d93ba4-8164-49d5-901c-d007ad704589,c905e65d-c669-4d65-9198-4290c4c4710f,2024-02-01T00:06:38.288504464,2024-01-31 23:50:39.288504464
123,en_route_with_client,71a8d259-457d-4a55-b69b-7f21619891a5,c322166a-2e7d-4a22-8e96-66a0f2a6dfd7,2024-02-01T00:04:39.756086957,2024-01-31 23:56:39.756086957
25,en_route_with_client,f3649270-0448-4aae-84ea-6c0070b3bec4,3e04b825-b4b5-4fd4-b0d7-9e2ea75e78b8,2024-02-01T00:09:30.158548233,2024-01-31 23:55:43.158548233
92,en_route_to_client,35038abb-8cc3-42ce-ac86-28aadd249ea5,701092af-1f3d-49a4-9eba-cd7ad682384d,2024-02-01T00:23:13.535894965,2024-02-01 00:08:54.535894965
220,en_route_with_client,6e0e3a6b-ebed-4b2c-8248-d456ec351de1,262fe961-b66c-47d1-8590-6bc82210965c,2024-02-01T00:07:06.203561222,2024-01-31 23:45:17.203561222
244,en_route_to_client,aae6432b-f38b-4121-8524-0b7d7781bf4b,c9252a4b-e20d-4eb2-bd47-75af390745eb,2024-02-01T00:20:10.867878983,2024-02-01 00:03:06.867878983
76,en_route_with_client,7e4573f1-c39c-461b-9450-437c45240d2e,08d697ab-ad27-479c-af42-0a7ca16e9c1c,2024-02-01T00:01:03.925907872,2024-01-31 23:53:04.925907872
37,en_route_to_client,a2f409e4-0c8b-4e20-bef6-1c04c4019349,deac4262-f963-4a3d-93fe-8b8511a889cd,2024-02-01T00:13:40.275106313,2024-02-01 00:04:56.275106313
42,en_route_to_client,068b1edf-bdb1-4973-bb5d-3ea80bf5f6c8,2de846a6-3b8b-42eb-bb78-0d8c49dc9f42,2024-02-01T00:13:08.082946743,2024-02-01 00:01:10.082946743
158,en_route_with_client,c553438f-de1e-47b0-ae7a-78447ef72234,b671775f-b06e-45db-9a7a-707a3908b2ce,2024-02-01T00:02:08.265148862,2024-01-31 23:29:38.265148862
48,en_route_with_client,8de874f5-9c57-49a1-a416-f89dca41c873,3a8581e4-d84b-415f-afea-0cc81be5332b,2024-02-01T00:13:45.882583170,2024-01-31 23:57:21.882583170
22,en_route_with_client,e8b0c627-ca6e-4773-939a-4b762f44662a,7a7dbb6a-19de-4100-b840-0cfa531dc978,2024-02-01T00:03:50.131276063,2024-01-31 23:58:01.131276063
129,en_route_with_client,38c2bb06-0331-4bec-b2c8-634b4c65987a,7886524c-b438-4a99-87e7-83ee0482e4f7,2024-02-01T00:03:39.339784946,2024-01-31 23:53:14.339784946
247,en_route_to_client,b8b822dc-c503-43d9-b19c-4e5f87078e2b,9d54de1e-2032-4925-8f3f-cbeaf4b58305,2024-02-01T00:18:13.612084966,2024-02-01 00:08:09.612084966
188,en_route_to_client,50130659-0490-4fbd-a1b5-b1a83de376d0,fa238dc6-d78e-435f-b227-0337864d5fab,2024-02-01T00:22:02.360034640,2024-02-01 00:08:39.360034640
63,en_route_to_client,1d816d39-7129-4e09-9227-0044a68c1e2b,ac38b784-110c-4dc1-bf84-266ceff3d133,2024-02-01T00:14:17.319500871,2024-02-01 00:05:55.319500871
24,en_route_with_client,47105178-2f65-45b0-8caa-23d50973aad2,23577814-792d-4f60-94ce-1393887aa9f7,2024-02-01T00:14:03.039920160,2024-01-31 23:58:12.039920160
90,en_route_with_client,b25dd01f-ed1d-478a-8875-d10815e19adb,99a9682b-7e25-42aa-9329-f6a58dee5600,2024-02-01T00:06:13.921104536,2024-01-31 23:57:55.921104536
265,en_route_with_client,086c9129-835b-4448-ad96-ca0b2fb6c8df,8bfe2f19-e563-4627-bbed-277050b59d9c,2024-02-01T00:05:30.500000000,2024-01-31 23:54:50.500000000
257,en_route_to_client,b56ffc56-ad5b-489b-bed1-731fa7d132b3,96f7474f-e70c-4b83-923e-47b339e534ae,2024-02-01T00:15:28.637958533,2024-02-01 00:02:57.637958533
127,en_route_with_client,1b774852-477c-45bf-b398-5b0a93c0b271,5004f338-da51-4c33-b088-3bc714373247,2024-02-01T00:06:06.383988592,2024-01-31 23:49:00.383988592
26,en_route_with_client,d4a595de-77cd-4253-86d6-616ea73b5369,021e77fc-29dc-4b42-8c04-478ef238c7f1,2024-02-01T00:09:59.699787347,2024-01-31 23:51:49.699787347
133,en_route_with_client,638d1111-7295-4c70-b914-0ef291e41d8d,91d21295-571c-4679-a65b-361dd747d475,2024-02-01T00:04:11.731102850,2024-01-31 23:54:47.731102850
95,en_route_with_client,209d6a02-3aa3-456b-b848-410a18e2b92e,b310bb76-5c9d-4717-b3c0-80df16d7e74a,2024-02-01T00:00:37.952635128,2024-01-31 23:40:54.952635128
181,en_route_with_client,d72d7ddf-d961-4ffa-9e00-43e2e04e956f,d64e785c-30ab-49c7-920f-6dde86d30d8d,2024-02-01T00:03:05.304283165,2024-01-31 23:30:24.304283165
22,en_route_with_client,c06adc70-2d3d-496e-b8ef-df00cd77a32e,daf305d0-0916-4f83-8385-5d420302d7ac,2024-02-01T00:01:53.131276063,2024-01-31 23:56:01.131276063
205,en_route_with_client,01a1fb8c-aa8c-4b7f-943a-a3b73b8daa78,c273b93f-122e-4576-915b-304752eb083f,2024-02-01T00:02:33.744570349,2024-01-31 23:49:07.744570349
78,en_route_with_client,50f06371-34d1-40a5-a565-c56ed96d1e35,33de94ac-93e6-4a9e-88bb-73b7c2237f02,2024-02-01T00:01:22.140845070,2024-01-31 23:49:38.140845070
193,en_route_with_client,10124d68-c787-400e-94af-43800de438bd,56f157d5-4994-4dcc-9227-a8467fabbf9d,2024-02-01T00:10:15.416124837,2024-01-31 23:53:55.416124837
7,en_route_with_client,2de2772e-35a1-4212-8814-3877a40ee0d2,6646d4db-9ba1-4fe3-b116-ca9ee5da87d7,2024-02-01T00:05:24.765491822,2024-01-31 23:56:14.765491822
132,en_route_to_client,9f0e3835-bb66-47dd-9e8a-244c276c7703,cd07b7df-27fd-496a-9cb7-2c0d00550071,2024-02-01T00:43:05.696630877,2024-02-01 00:02:28.696630877
35,en_route_with_client,a214d8a8-350e-467f-bc77-7f2d8e937715,a48befb5-5dff-414a-b785-7fff08167380,2024-02-01T00:03:25.751579422,2024-01-31 23:53:04.751579422
252,en_route_with_client,137e4a2d-a96e-480b-bed1-4926774865ca,eccff4a7-585e-40b3-bdac-7722d76225ee,2024-02-01T00:04:10.746059545,2024-01-31 23:42:52.746059545
250,en_route_to_client,60f85a62-f96f-40b4-831a-b89983609d52,3070e3fa-28e1-47db-aad0-f0145d460407,2024-02-01T00:22:33.395512821,2024-02-01 00:07:33.395512821
7,en_route_to_client,639b36bb-a5b0-427f-9b76-704487b0fd25,f1f47dcd-1edc-445d-97fa-3e0c05d4ee90,2024-02-01T00:10:34.765491822,2024-02-01 00:04:14.765491822
225,en_route_with_client,a211c66c-65b0-4507-ba1a-59494f28ef69,a95a47c6-5803-4929-880b-3cb4db766412,2024-02-01T00:36:29.534994221,2024-01-31 23:54:14.534994221
220,en_route_to_client,7855651a-049e-4af1-8f9e-556e08690554,91e1856e-203b-46c1-8117-c77ebbd44c61,2024-02-01T00:06:54.203561222,2024-02-01 00:01:17.203561222
263,en_route_with_client,03c69b78-1565-4732-9bbc-dfbb8310325e,88e56ca5-4836-4ffa-9ddf-9ecf7c806891,2024-02-01T00:18:25.149253731,2024-01-31 23:56:19.149253731
36,en_route_with_client,f063ad73-ffd1-4b4b-9eff-76e8d9039a80,e2e444f3-3dd5-4360-bde7-272aad6e3011,2024-02-01T00:10:30.088383120,2024-01-31 23:33:46.088383120
230,en_route_with_client,1ffdd230-1d10-41df-b76d-7fc061e9a204,f83d16ae-b120-4410-9047-38c73f32a2e3,2024-02-01T00:24:39.259796358,2024-01-31 23:52:33.259796358
140,en_route_with_client,f78aa315-d4dd-46c6-b829-bc0dfd47a4bf,3c568882-cc08-4989-908f-1176d75c0000,2024-02-01T00:03:48.540244688,2024-01-31 23:54:09.540244688
18,en_route_with_client,074458a5-12eb-405a-8a46-c4ceedebf7d2,5b39a0a9-8515-4d96-9888-b1bc0a7b1504,2024-02-01T00:01:16.013579049,2024-01-31 23:50:58.013579049
66,en_route_to_client,91c672dd-1942-406a-96f3-e766a90af995,0793b2de-bc8b-4ac6-b73c-47f4c746bbdc,2024-02-01T00:31:34.689691817,2024-02-01 00:08:25.689691817
114,en_route_with_client,2fdda161-1c77-4945-b1b3-a03bc253cd2d,9a40a74c-b7ab-4885-a507-c565a2ec132b,2024-02-01T00:16:47.130664652,2024-01-31 23:49:05.130664652
17,en_route_to_client,33279e54-04c1-4f0b-bebb-740e33c2469e,d299e7a1-5b6f-4e66-a690-4bb6063a5536,2024-02-01T00:23:35.663887998,2024-02-01 00:08:14.663887998
84,en_route_with_client,cc9816d5-2d96-4002-8819-d6c52d638ecd,55c31f79-66c0-4c70-9b62-e34f0927cd39,2024-02-01T00:03:34.148936170,2024-01-31 23:56:37.148936170
76,en_route_with_client,95f51736-10b0-4197-9dc2-e03c722f46d2,3d155f9e-632a-466c-a6dd-d06b35636266,2024-02-01T00:08:32.630281915,2024-01-31 23:47:09.630281915
241,en_route_to_client,5152eb87-92bf-48be-a45b-21554f3350d7,aaa2a9f7-1db0-4352-afe2-0df4ddd82a97,2024-02-01T00:18:27.271506236,2024-02-01 00:03:24.271506236
23,en_route_to_client,fc783bcc-fb87-4ac2-b847-54b205c13c8f,ee5e716b-0ee0-4df6-ad74-74e7beb282b8,2024-02-01T00:11:17.101873001,2024-02-01 00:02:58.101873001
14,en_route_with_client,22e4c89f-1292-4a77-80e1-5941acc48b37,55969a95-2188-4cd6-adba-536afddf4fed,2024-02-01T00:02:53.146806482,2024-01-31 23:45:12.146806482
61,en_route_with_client,47dd7906-d747-4e53-af37-898490b0db2d,489ad95b-844f-413d-b69c-8c6ce7371ec2,2024-02-01T00:07:10.293557242,2024-01-31 23:58:26.293557242
170,en_route_with_client,119dfc2e-6c21-4308-9c4f-580dc147e944,e193bcde-a14e-4e23-be18-89a30749aae7,2024-02-01T00:06:20.102240896,2024-01-31 23:50:40.102240896
174,en_route_with_client,e9962e8f-8d9f-40c1-9e8a-5a307c1fa6c6,56293fe6-6772-4419-82fc-0ae5de16d8aa,2024-02-01T00:01:11.434985035,2024-01-31 23:52:20.434985035
265,en_route_to_client,1115ef0b-9c6c-4d4e-9a44-3c8f8f4e9012,c09b5fe5-4c97-4797-bb9a-a7f462af4959,2024-02-01T00:29:00.368421053,2024-02-01 00:06:00.368421053
129,en_route_to_client,dc67eb55-ed47-4fab-823e-e6c763d91e0e,1b17fea3-0072-459f-8b1b-aba179091fb5,2024-02-01T00:16:17.452120958,2024-02-01 00:10:21.452120958
188,en_route_with_client,9dd8e6a8-1111-4dce-ac2d-ca66dea4191a,f3c1d7bf-c207-4ccd-803b-185307afa0aa,2024-02-01T00:21:50.120572866,2024-01-31 23:55:03.120572866
37,en_route_to_client,d2e2a599-9d23-48c5-ac05-baa23ede41e5,dd19de51-fb05-472a-b96d-a172a865f430,2024-02-01T00:25:10.275106313,2024-02-01 00:01:56.275106313
173,en_route_to_client,eae1388e-c367-495f-89ee-c0fbb3a1a353,694ddf92-312b-40f5-96d1-6577b21e7f13,2024-02-01T00:16:26.530288910,2024-02-01 00:01:37.530288910
7,en_route_with_client,1c801c72-7d39-4e07-afd7-0e9c8f8f0547,668647b2-fa02-4518-ba21-c5952af009c2,2024-02-01T00:06:43.765491822,2024-01-31 23:53:14.765491822
179,en_route_to_client,aa9169b2-94a8-4e2e-908d-485cfc8b83d9,6400f00c-75e6-48aa-bed3-c0842d0d7e3b,2024-02-01T00:13:13.735109718,2024-02-01 00:00:28.735109718
61,en_route_with_client,81bba2e3-5880-4da4-aab2-42925afe87c5,d7b6d064-93eb-4b40-8d74-9de3cfbe2238,2024-02-01T00:14:25.088309808,2024-01-31 23:55:55.088309808
179,en_route_with_client,80930e2f-042a-413c-b51d-501801e6ea77,cf5589b2-2c8d-476e-89c6-7ae19acb98cd,2024-02-01T00:14:12.735109718,2024-01-31 23:56:28.735109718
140,en_route_with_client,f8768a8a-c8a3-45cf-acc5-86332a8086eb,0eeac098-7ff8-42bb-847c-7b3e9a159af1,2024-02-01T00:01:18.027359781,2024-01-31 23:41:43.027359781
148,en_route_to_client,a022de1c-7158-4029-a561-edd8876b6d35,7007a362-df4f-4031-bd94-6649f6bcf1da,2024-02-01T00:27:41.683488269,2024-02-01 00:08:21.683488269
61,en_route_with_client,69e15082-0d9f-4de3-8e07-6ffc15943a4c,3f6047f9-3834-4c0e-a01a-ef96ba4eaf14,2024-02-01T00:21:04.088309808,2024-01-31 23:55:55.088309808
164,en_route_with_client,a56fe608-eef4-487e-8861-2c62c2f048f1,80fae80b-2d3d-46e3-964f-b4cf52820d81,2024-02-01T00:26:38.465987512,2024-01-31 23:53:01.465987512
78,en_route_with_client,58d0eb3c-6e29-41f3-b22e-2d0d784e1830,544905f5-52f5-4806-ab43-22164398daa8,2024-02-01T00:10:27.140845070,2024-01-31 23:55:38.140845070
189,en_route_with_client,f00c4a5f-11c4-48be-b1c2-1dd48d6bbd8a,da5994f0-ea9d-44c3-8fdb-29e9bd2a4738,2024-02-01T00:22:02.912634876,2024-01-31 23:58:10.912634876
36,en_route_to_client,c40f31d3-dd06-4231-b47f-604f98c4191c,9b35c349-ea2b-4efd-9ac5-479940667d91,2024-02-01T00:12:13.088383120,2024-02-01 00:04:46.088383120
4,en_route_to_client,1dd7d992-d29e-4c2c-bb7a-8a2b838b343d,12292721-a794-4436-b56b-9a8d364cb29d,2024-02-01T00:13:21.305582762,2024-02-01 00:03:06.305582762
238,en_route_with_client,269f768e-23bf-4914-82b0-a39ec7de988b,7fb14bed-adf2-4db6-a84a-a477a9858119,2024-02-01T00:01:50.540540541,2024-01-31 23:55:39.540540541
265,en_route_with_client,f0351631-32fd-4c3c-9669-710f96f26aca,4862a29c-ae69-4c81-93e0-298899da9be6,2024-02-01T00:04:40.000000000,2024-01-31 23:40:25.000000000
17,en_route_to_client,b23d7b6c-d023-4dea-becc-af7ae47e48da,8242f029-dc77-4139-9279-fd496aaea4f0,2024-02-01T00:27:08.663887998,2024-02-01 00:02:14.663887998
69,en_route_to_client,b634fde4-bc40-4e5e-96bd-a287839cd2bd,218231c4-f331-4de6-8fc8-5f9d8333bed3,2024-02-01T00:22:09.737581433,2024-02-01 00:05:21.737581433
14,en_route_to_client,fec40605-8e4b-4bb3-9afc-b93b165d6273,d2a4ecc1-d690-4637-ad7a-013a4aad9b76,2024-02-01T00:11:33.144595641,2024-02-01 00:03:01.144595641
212,en_route_to_client,7b6ee85e-0d2c-4274-9af8-15e2c83a7acb,ace42060-557b-433b-9451-2f030cd52ff3,2024-02-01T00:11:21.580731490,2024-02-01 00:01:34.580731490
63,en_route_to_client,c9547297-3171-466b-917d-685130b7f2b0,d5c58d9a-8c31-4962-a99a-3f2de795db4b,2024-02-01T00:14:37.319500871,2024-02-01 00:05:55.319500871
18,en_route_with_client,d88b01e9-5d1d-4520-aede-d046b475bccc,2e4cc2ff-9ff5-4631-8a74-080e303ffcaa,2024-02-01T00:05:20.887278583,2024-01-31 23:55:11.887278583
157,en_route_with_client,a6490973-dcb0-4e11-add1-4c3bcd19dfcb,585cf44b-20dd-4c8d-96a3-b7709600a34d,2024-02-01T00:05:22.097137014,2024-01-31 23:47:03.097137014
102,en_route_with_client,074d491d-5383-4299-8db6-457bd0977a14,972f0110-4e24-441c-83d4-e56e754e1133,2024-02-01T00:12:23.483016051,2024-01-31 23:53:42.483016051
32,en_route_to_client,6715951e-2c25-4a52-bd2c-1b69e6aab8f8,1e162957-dd0c-43a9-b2c3-d2897d499fcc,2024-02-01T00:14:04.130434783,2024-02-01 00:01:09.130434783
238,en_route_to_client,a06fc178-be85-4821-824b-a7275196287f,c9516659-0d3b-47ba-ac46-13ad1d3147ed,2024-02-01T00:11:59.540540541,2024-02-01 00:02:39.540540541
160,en_route_with_client,d015c96b-9c51-41da-b986-bd1937c9b066,e6c04003-2372-4f10-b785-47d084a61175,2024-02-01T00:19:14.148461538,2024-01-31 23:52:09.148461538
121,en_route_with_client,47bfb699-93dc-418e-b966-064b1f5015dc,8ad1cb61-b7fd-4967-9f5d-9604f628a051,2024-02-01T00:07:44.103759398,2024-01-31 23:43:41.103759398
246,en_route_with_client,812f4450-9d87-41f6-aa48-b9ffa6444c1c,d6f7f5ea-fe23-41d0-ba56-0714864bf256,2024-02-01T00:02:36.598435973,2024-01-31 23:46:59.598435973
56,en_route_with_client,d75ff1c9-c464-4b4e-8d6e-3c3360c42976,7d59e983-4d79-4519-a063-5b87d8a458d0,2024-02-01T00:07:26.116968699,2024-01-31 23:56:36.116968699
62,en_route_with_client,eafd89e6-e1a1-49b0-8eae-b00e46227a89,56941c08-52b6-4d91-8125-eecfc6b1d0b1,2024-02-01T00:06:10.637779553,2024-01-31 23:58:46.637779553
80,en_route_with_client,c79f4d37-e18f-4f4f-8410-d8ac45396880,dce7d827-7ea2-4951-bf21-a75320237fec,2024-02-01T00:07:32.287325677,2024-01-31 23:55:52.287325677
129,en_route_to_client,abdcc984-5ca5-4ef0-814e-d458e0e55618,075aad4b-7772-4fdf-9b90-06d9aec7a6c0,2024-02-01T00:15:35.875572240,2024-02-01 00:10:33.875572240
120,en_route_to_client,198497a4-efeb-4d89-8257-6b7cf717c1c0,3600c1f2-68e3-4e52-b11b-4f81976d5934,2024-02-01T00:33:52.124031008,2024-02-01 00:07:01.124031008
9,en_route_with_client,68363797-cf9b-47cd-9667-76e993cee153,aae08040-fe95-48b8-8086-53ad1ee7ab3f,2024-02-01T00:04:04.187548638,2024-01-31 23:42:54.187548638
255,en_route_to_client,7d0448e4-903c-444a-afc0-e3b66c8a1917,aba13c9a-0bcf-455f-8c7f-ed2ff7eb0ad7,2024-02-01T00:18:40.564378848,2024-02-01 00:00:11.564378848
13,en_route_with_client,8a737be8-6ae9-417e-8fcb-885eb210b1db,30edc535-6ee0-4f87-8963-56d9416eb70c,2024-02-01T00:23:22.681081081,2024-01-31 23:46:42.681081081
42,en_route_with_client,e96c20da-8ca0-431d-8ad8-13c68a61c6f9,5d23e135-7d10-482a-b00b-9ef2803beac8,2024-02-01T00:11:00.074733638,2024-01-31 23:53:55.074733638
198,en_route_with_client,45c4c87d-7101-497f-b6ab-313e7b27b752,7d403e99-ef51-4367-8a76-8f557cea6c1b,2024-02-01T00:07:30.061418392,2024-01-31 23:51:25.061418392
260,en_route_with_client,a1a60d6a-3c21-41e7-ac6b-8416a247e761,1c74d22c-9332-41e9-8848-bb5090887465,2024-02-01T00:12:00.149087799,2024-01-31 23:54:23.149087799
197,en_route_to_client,efc85ee1-36ca-4333-9ca3-f9cf785053b6,efef51d4-5a4f-45cb-90a5-f3a006c3e48f,2024-02-01T00:24:40.090178059,2024-02-01 00:00:27.090178059
255,en_route_with_client,f29d35a6-2065-4a90-a2b6-c853a2783bba,cea08d9d-8067-41ba-be72-5c44020ce4b1,2024-02-01T00:00:12.564378848,2024-01-31 23:42:11.564378848
37,en_route_to_client,1d0ddea2-6f0b-4107-a100-64a22b823f3c,cef18774-5a3c-4eca-aeb0-69bc821eca6a,2024-02-01T00:13:55.275106313,2024-02-01 00:08:56.275106313
239,en_route_with_client,6067983d-96b6-4616-98d1-7af400239d88,f134835a-f352-4c9a-bb2c-7a0ab91a56e5,2024-02-01T00:23:55.610078146,2024-01-31 23:48:56.610078146
72,en_route_to_client,2ad11dc4-46a2-494b-84df-f55d4ee3f918,9ea326b3-a19a-4020-a094-dd568f1cc061,2024-02-01T00:10:45.265275206,2024-02-01 00:00:16.265275206
222,en_route_with_client,35e82103-e896-4d18-b452-e9d1f34f36ea,ef180289-4701-4f30-9dcb-9d953ea8e34e,2024-02-01T00:01:30.225372221,2024-01-31 23:54:02.225372221
79,en_route_with_client,e5e5dcf0-3526-4ceb-96e6-1dc3aa2f78b6,8af6c192-3a04-48c5-bb70-5411bf50a210,2024-02-01T00:09:01.579869805,2024-01-31 23:48:15.579869805
69,en_route_with_client,7d11f111-7955-4d67-a599-662b56226223,cfd68860-01c1-46b7-bd0f-0909252c3c71,2024-02-01T00:11:19.737581433,2024-01-31 23:48:21.737581433
159,en_route_with_client,a23aa20e-6362-44d3-a157-1f0b86db5d0f,4fc57b92-ed68-4179-9766-cd17f37ff604,2024-02-01T00:02:47.984092995,2024-01-31 23:41:15.984092995
32,en_route_with_client,331b172b-05d1-4d6d-bdfd-bb677f9dc3a9,4c40d132-b23a-433c-9048-223a9d8ee28e,2024-02-01T00:07:00.100189934,2024-01-31 23:56:38.100189934
51,en_route_with_client,29a0f2a9-fd12-4876-8071-e400e542f626,63b40eb9-8c13-4aa0-bc79-921e2ecb16c4,2024-02-01T00:09:37.760913913,2024-01-31 23:54:30.760913913
17,en_route_with_client,64e50a83-c851-4fa7-a7d7-6a6e4f89d39c,a1e0f20c-1904-4e41-8504-3c8942a14be1,2024-02-01T00:08:19.663887998,2024-01-31 23:41:14.663887998
173,en_route_with_client,6c7d5f32-e376-4663-8cc5-01afd69b2422,213e9c2b-432a-41b7-8207-94473c43ae75,2024-02-01T00:01:00.197345972,2024-01-31 23:51:23.197345972
198,en_route_to_client,3aba593b-2cf6-41f2-8331-0ddb20bfc81f,3763aae0-33da-44e0-890e-9ca6b83d7d9b,2024-02-01T00:14:49.061418392,2024-02-01 00:07:25.061418392
80,en_route_to_client,f97258b2-36e0-42c2-b89b-e995f8c8c2c7,d38b0fea-7062-448a-93aa-a1540988f221,2024-02-01T00:07:39.287325677,2024-02-01 00:01:52.287325677
247,en_route_with_client,250967d3-27af-46ca-a452-d338247bc068,b4c1ef25-d2d1-447b-8306-667412c774dd,2024-02-01T00:08:11.612084966,2024-01-31 23:56:09.612084966
198,en_route_with_client,39ef0d87-7a11-42c5-bc6c-cf01cf2bc19b,e8c5a3f9-09c6-4755-a078-4f169866f26c,2024-02-01T00:11:03.061418392,2024-01-31 23:59:25.061418392
38,en_route_to_client,c7bcf4bc-1bff-4b88-9cf6-5127f4388d4c,e442585d-98a0-4f84-a379-84c3bbfc0d86,2024-02-01T00:14:41.964673913,2024-02-01 00:04:33.964673913
254,en_route_to_client,a4effadf-8303-4763-bf33-e9f0a1ead949,c79c5eb5-fc8b-4f29-a9f3-28972b76a759,2024-02-01T00:19:17.764652154,2024-02-01 00:07:19.764652154
91,en_route_with_client,2e5a8911-a53b-432d-8964-f0490c8729a2,b3075582-7688-4735-ab15-35e85cbbd90b,2024-02-01T00:16:20.262118491,2024-01-31 23:54:52.262118491
168,en_route_to_client,bca2f63b-81a4-4cb8-8083-3041f04e530b,bfcfd647-4f7c-4f78-88f9-6de999168671,2024-02-01T00:16:38.329285381,2024-02-01 00:09:10.329285381
71,en_route_with_client,27c45176-d1e9-48d2-a9ec-25fb4b760183,1f8c0145-f8fc-499f-a159-5c5a6235a07a,2024-02-01T00:03:09.255696951,2024-01-31 23:32:46.255696951
163,en_route_to_client,516efca7-53d8-4782-aeed-dc872608bf83,0a4e9815-d386-40c1-95b8-4d61512bdb91,2024-02-01T00:13:20.726175743,2024-02-01 00:07:52.726175743
170,en_route_with_client,9db31da1-3e91-461a-95ed-c047fa4baca0,289b65a5-a060-4156-a46d-906ee9c6e2eb,2024-02-01T00:09:12.793103448,2024-01-31 23:37:42.793103448
17,en_route_to_client,2874925f-5474-489a-8489-96dd7440ac41,c4a1517a-1454-444c-9320-a54b8588029f,2024-02-01T00:23:21.663887998,2024-02-01 00:03:14.663887998
216,en_route_with_client,ec1b6dd8-c4b5-4ead-abf1-1923f5cfe32f,b21a0652-e5a5-43c8-8cdd-da85f73748af,2024-02-01T00:02:11.600459902,2024-01-31 23:48:09.600459902
127,en_route_with_client,6247b2f6-9a35-499c-8dc0-789b68891593,801d47cd-c466-426f-a8da-846af063b739,2024-02-01T00:12:09.800650558,2024-01-31 23:47:46.800650558
130,en_route_with_client,9a8fbb4a-d5ba-4bbd-ad04-218cba368418,a81ac2e4-59c7-478a-88fa-0fcf278b9613,2024-02-01T00:02:48.677358321,2024-01-31 23:47:19.677358321
89,en_route_with_client,03e0d76d-8a9c-481c-8b7e-a7babf9d641f,add5dad2-fb9a-4763-b290-ebbce4f82759,2024-02-01T00:13:01.495674193,2024-01-31 23:59:17.495674193
257,en_route_with_client,e9b27853-4867-4690-9b3d-c51b8034b08a,fe9e177c-3a0d-4a90-a310-cdbdd2a9920f,2024-02-01T00:12:12.096487007,2024-01-31 23:56:35.096487007
68,en_route_with_client,666a05b6-3136-4065-9117-5432737b0a72,98ab550a-6071-4495-a78b-3ec822e06192,2024-02-01T00:18:55.769740998,2024-01-31 23:47:56.769740998
205,en_route_to_client,c4fa5363-f8c9-4d40-a39d-b5714a971aa3,d8c88c53-2832-45e0-af6f-634486a28ff4,2024-02-01T00:14:38.458882855,2024-02-01 00:05:54.458882855
170,en_route_with_client,eec0990d-64f6-4f50-9cb1-fc0135794c48,01d529b4-d925-4ca5-81bc-836700c4485c,2024-02-01T00:21:31.705009276,2024-01-31 23:47:09.705009276
205,en_route_with_client,f07f5162-3a89-4ebc-925e-6ff82d85a20c,91e59193-5180-40f9-87e4-4fd7eb51702c,2024-02-01T00:11:10.597923875,2024-01-31 23:57:27.597923875
33,en_route_to_client,815d5169-4940-43c8-840c-1d9a1257f616,7067b751-eff8-47d1-9119-52f323c0da03,2024-02-01T00:30:59.394683027,2024-02-01 00:04:28.394683027
130,en_route_with_client,ea057ed6-47f8-42cb-8bbe-03dbc8baaf9a,c1f7ca18-7235-4706-b30f-8a90d9235e83,2024-02-01T00:14:01.677358321,2024-01-31 23:59:19.677358321
90,en_route_to_client,4a025edc-de53-4d3f-b846-b9a4b6d1653f,57c36b35-0b42-458c-a083-91a7fd3e77d3,2024-02-01T00:41:56.921104536,2024-02-01 00:06:55.921104536
49,en_route_with_client,c2f0d139-6c16-45f9-98e8-712466fa2cd0,cd0b0add-5a47-4376-b520-8a5404bdc07a,2024-02-01T00:11:50.029589254,2024-01-31 23:55:59.029589254
127,en_route_with_client,81a9e7d0-659d-4448-882e-db93343fd73c,ec81b8d6-49f2-4466-a6e4-9d9c48b7b528,2024-02-01T00:05:58.383988592,2024-01-31 23:55:00.383988592
173,en_route_with_client,915567fd-d1a7-443b-9bde-d6d09a70106e,afd778ed-efc8-4600-84aa-7b3503dc8249,2024-02-01T00:20:15.440328054,2024-01-31 23:58:01.440328054
107,en_route_to_client,04c1ff66-db9c-4b93-abcd-4f4a3594773c,7facbcc0-5def-486e-a39e-bd0d94aa6c11,2024-02-01T00:08:49.714028777,2024-02-01 00:01:14.714028777
169,en_route_to_client,36544c3c-2c8f-4656-9b09-5b85e0250652,dfbbb03a-e43f-46fc-bc7b-57d4147eafd7,2024-02-01T00:22:29.042587601,2024-02-01 00:04:12.042587601
244,en_route_with_client,6c5723f0-1b9a-42be-a115-bce9b66a4975,2b9332c9-5867-474e-8968-2a4d44944e79,2024-02-01T00:08:07.867878983,2024-01-31 23:57:06.867878983
92,en_route_to_client,d915146e-8ba6-4c16-ba91-3c6c29099e7f,f1ad0398-33f2-489a-a5ef-f565aa3c8d27,2024-02-01T00:24:55.535894965,2024-02-01 00:02:54.535894965
81,en_route_to_client,9e0833ef-d213-40f2-ac95-262429080cbb,5b20c1f9-9edc-4b6f-a2a4-c4080d98769f,2024-02-01T00:15:25.393146121,2024-02-01 00:00:26.393146121
51,en_route_with_client,f194a6fb-729c-4090-929d-c10df723ca14,d6d3d23e-dfad-4816-8124-ab8c0915f126,2024-02-01T00:10:54.430495510,2024-01-31 23:59:49.430495510
26,en_route_with_client,7e1a235a-38f2-4b9c-b87b-3caf455f7712,7ac87608-10a2-4598-b31c-5ea4e98e82a6,2024-02-01T00:02:53.699787347,2024-01-31 23:55:49.699787347
207,en_route_to_client,1e9bb047-f6cf-48c2-9c49-6ec13f6d97d7,e94d0769-d895-438f-82c7-d335befda317,2024-02-01T00:21:27.536796536,2024-02-01 00:07:45.536796536
149,en_route_to_client,49daa88d-1413-4c01-843a-d867901e1c2d,66b4f935-ec81-4917-b9ef-a4aa150d1b87,2024-02-01T00:21:12.154599891,2024-02-01 00:12:29.154599891
231,en_route_to_client,557ffd9e-acea-4353-be5c-92c150e0107c,b390ba31-3674-4225-a79e-1d8766a5e4c0,2024-02-01T00:33:23.603571429,2024-02-01 00:00:11.603571429
248,idle,,cfae4029-751d-42ef-9d22-b64fdeb06bd8,2024-02-01T00:00:00.000000000,2024-01-31 23:48:25.000000000
165,en_route_to_client,8b357f89-644d-4743-83a7-4a8f4bcdf649,85f20acf-f3c7-491d-a68b-264b8666dfba,2024-02-01T00:13:18.816593886,2024-02-01 00:05:32.816593886
217,en_route_to_client,ae65c970-0aeb-42f4-bafd-ae4867c837b4,abbc0cd5-9ae5-4431-b894-4306a0a57d41,2024-02-01T00:18:14.258902387,2024-02-01 00:06:43.258902387
17,en_route_to_client,bc1c6768-0b8d-45d8-88e6-27754caed196,f6a6aecf-b7cd-4b77-8934-8773f0edefb2,2024-02-01T00:16:36.663887998,2024-02-01 00:06:14.663887998
129,en_route_with_client,4f2ebd6d-60b3-4e52-ad23-05160731ba16,5bcf3e63-5278-47fc-95d5-6936038019b3,2024-02-01T00:11:53.339784946,2024-01-31 23:51:14.339784946
187,en_route_to_client,c641ff7f-a36e-41e9-aae0-75761e208809,ff0bcba9-f10b-43b5-b127-8863b66e858d,2024-02-01T00:18:25.671256454,2024-02-01 00:10:52.671256454
233,en_route_with_client,0ef512b7-8f38-4656-a9cb-40f1fd917961,c9817156-76cf-46f2-83ac-f470d2f8790a,2024-02-01T00:26:23.315508021,2024-01-31 23:45:22.315508021
85,en_route_with_client,7e61c1af-4010-45ff-a1a2-0783e82d8af8,5bd348f8-9d58-462e-a4be-b75f67bbba70,2024-02-01T00:17:57.860315605,2024-01-31 23:50:42.860315605
247,en_route_with_client,c7d0c447-d666-4ed7-b66a-d9c08f5182b1,d081e110-2341-4fe8-b1a1-e11dc86b8fab,2024-02-01T00:06:25.612084966,2024-01-31 23:53:09.612084966
148,en_route_with_client,ac4da385-45b3-4a3a-8ad2-fc78af07c912,821eb9dc-a6ad-493e-ad03-81685dc36a26,2024-02-01T00:07:19.998973833,2024-01-31 23:51:45.998973833
265,en_route_to_client,4c22fdf2-4fac-487b-b70f-6860d697e4d3,6c176e87-b2f8-4d1c-842d-03345f42b07a,2024-02-01T00:16:41.545454545,2024-02-01 00:03:45.545454545
180,idle,,cd0a330a-c92e-4dce-8f2c-557ae6911297,2024-01-31T23:59:47.470348139,2024-01-31 23:48:11.470348139
127,en_route_to_client,9e82edd6-f2d4-4e00-bfe3-c254f7539bc7,1854cbed-e6d8-44f9-ac45-d1c0e48c6c4d,2024-02-01T00:19:16.383988592,2024-02-01 00:03:00.383988592
256,en_route_with_client,ac3ff2ee-ef9d-49cc-a2b6-1fa7497e798f,77f03363-6437-4482-b699-fa7994d37a32,2024-02-01T00:04:00.809045726,2024-01-31 23:50:31.809045726
41,en_route_with_client,ae50f490-bdae-4ea4-a6ad-4c6f8d2ac86d,40405d40-960e-40cd-8312-97d63b41bc75,2024-02-01T00:04:23.701297547,2024-01-31 23:42:55.701297547
97,en_route_with_client,b3557f52-28bb-4b63-8572-6be60ef35fce,a9ef1ee7-4831-4295-92e5-7357d1aa0aad,2024-02-01T00:09:17.182660851,2024-01-31 23:54:03.182660851
74,en_route_with_client,70e25b22-b942-4533-a665-be5ea23c9efa,2404044a-f7d5-4ea7-a838-818800d8ad7a,2024-02-01T00:00:08.294875308,2024-01-31 23:39:19.294875308
244,en_route_with_client,aca8b0fb-f762-46e5-b95c-615f0952acd1,db9244ab-8106-40ff-b8b0-814994e6fc7f,2024-02-01T00:00:25.867878983,2024-01-31 23:53:06.867878983
41,en_route_to_client,cb48401a-7d69-4ea0-b99f-0ecfddea018c,d6198b5e-7459-46ca-9175-1b9400b07de9,2024-02-01T00:30:48.627287854,2024-02-01 00:04:22.627287854
74,idle,,87a1e1ac-8b71-4ae0-986f-f0aefae3a469,2024-01-31T23:59:42.000000000,2024-01-31 23:45:32.000000000
39,en_route_with_client,199a3367-51fe-4e0d-a4d0-0e6248518a08,97cda8c7-6a3e-44b7-88a0-2864bd3b968f,2024-02-01T00:09:15.263924025,2024-01-31 23:56:17.263924025
107,en_route_with_client,35f8fc6b-3117-4097-ad2f-71d2729ee819,331259a9-d5ff-41c7-9158-c3be23558005,2024-02-01T00:00:26.036927622,2024-01-31 23:28:16.036927622
37,en_route_to_client,e6474a8e-03ce-4656-abe8-2f926a5f75d8,0ca7146e-0e12-4892-a9ef-297a3b73da40,2024-02-01T00:24:25.275106313,2024-02-01 00:05:56.275106313
76,en_route_with_client,ab315ef0-9c42-4a92-81d9-6e3f87cfc31f,f888f161-1e8f-4a69-8376-cdceba1fde32,2024-02-01T00:28:01.630281915,2024-01-31 23:47:09.630281915
169,en_route_with_client,305df8cd-1873-4ff9-9c75-c2c59618ee2e,3eab5bab-e254-4560-b9e3-034e3396e13e,2024-02-01T00:00:38.042587601,2024-01-31 23:43:12.042587601
15,en_route_to_client,fad01904-16ff-475a-9fff-fa2e2c99453c,834540b3-143e-46a6-a8c5-bf896dae1f81,2024-02-01T00:12:13.359810875,2024-02-01 00:05:27.359810875
255,en_route_with_client,9d7708fb-36c2-482f-bcb5-d716df991eec,d892c9cc-2cd5-4fc0-b6ea-0b52c168d892,2024-02-01T00:23:45.564378848,2024-01-31 23:58:11.564378848
17,en_route_with_client,54c6a2fd-a9f8-4282-95c5-6cf004da3d57,9fede1ec-dd4e-4169-984c-2176f716ee43,2024-02-01T00:04:14.663887998,2024-01-31 23:53:14.663887998
219,en_route_with_client,1850631a-6c35-4ede-8a70-e7ff03f69c63,28f251cc-6ed6-44a9-a702-0c6b93c3fe6f,2024-02-01T00:21:59.461734045,2024-01-31 23:55:34.461734045
188,en_route_to_client,fe168071-82bb-49cc-9799-d7f80d4ab853,87912ccc-abb2-4bbe-803a-1adbb3b4a5fb,2024-02-01T00:20:02.120572866,2024-02-01 00:08:03.120572866
255,en_route_with_client,d6d6e508-9520-4d81-a663-8b859f27f559,36b4e9bd-9fce-4dd8-9de5-1b5bdcd166f2,2024-02-01T00:04:02.564378848,2024-01-31 23:46:11.564378848
7,en_route_with_client,21564374-6082-476c-a843-bd00e5a9f9fd,99142448-15c6-421d-8b23-937b57fa0a98,2024-02-01T00:08:42.078947368,2024-01-31 23:58:11.078947368
232,en_route_with_client,adc7da2e-1a89-430f-b61f-ce955f386136,9f730a2f-af04-4381-96ca-7be62983502f,2024-02-01T00:00:24.216867470,2024-01-31 23:38:57.216867470
62,en_route_with_client,35ffb49d-dbd5-481d-8d45-9927170cc18a,c1a6ea74-7079-4cb9-b4a5-ec5c37246b69,2024-02-01T00:06:24.637779553,2024-01-31 23:59:46.637779553
61,en_route_to_client,fc6170f3-8018-44f0-bdf5-a15c64a90b00,177e8f1f-7a3a-4367-8030-c151b388de5e,2024-02-01T00:18:15.293557242,2024-02-01 00:06:26.293557242
164,en_route_with_client,a0a50267-454e-41d2-b1ec-0e93976e6670,53560c8a-aeaa-44c6-ba33-e39162a8f5b6,2024-02-01T00:06:55.314155629,2024-01-31 23:40:10.314155629
254,en_route_to_client,bf1d46b6-38c4-48b9-a406-74478af301af,51aa86d2-dc7c-4a33-b627-0277cdca5012,2024-02-01T00:12:26.861658268,2024-02-01 00:05:09.861658268
170,en_route_with_client,b783c691-51d3-4a40-b589-502078f549f1,ebb67008-ffad-49de-b74a-ce84b8ccd0fd,2024-02-01T00:05:32.793103448,2024-01-31 23:54:42.793103448
37,en_route_with_client,18878b56-3390-43ea-b7e8-632943fb431d,29c129ea-2395-4379-be42-53b6c6e356a4,2024-02-01T00:00:47.275106313,2024-01-31 23:50:56.275106313
164,en_route_with_client,f7707448-b793-4997-b23a-2c81bdbc5799,67854287-d50b-4384-bb27-d10372e07341,2024-02-01T00:05:01.465987512,2024-01-31 23:46:01.465987512
135,en_route_to_client,9101255a-9370-4e3c-939e-d7dd5504f541,3dec3e42-21d2-4b22-962b-6faef8ebc3fc,2024-02-01T00:18:50.912442396,2024-02-01 00:00:50.912442396
32,en_route_with_client,6e9be97b-6e4c-433c-8546-653005c4f853,80e55048-c3df-4744-a5f9-376d44f1cdbb,2024-02-01T00:04:36.744974874,2024-01-31 23:42:55.744974874
4,en_route_with_client,a03b0bee-f279-4a51-952b-a5177450a4b0,f42295c0-f1da-42ec-930d-b6a5d72d6133,2024-02-01T00:07:35.305582762,2024-01-31 23:59:06.305582762
55,en_route_with_client,ba416193-bd10-4278-bf08-af3a815ed42a,843b0e89-6af4-467d-9b18-aa3167a5a66b,2024-02-01T00:25:20.228374211,2024-01-31 23:57:16.228374211
242,en_route_with_client,c1072197-45d5-40a3-a100-d7f082949352,1eeaec74-b5e8-4c8c-9e0c-7ee67daef876,2024-02-01T00:04:02.997135417,2024-01-31 23:55:35.997135417
81,en_route_with_client,e506e180-c65f-4c6e-84ae-95a042896198,f9421425-cb90-4bac-a38e-39b831595da8,2024-02-01T00:00:03.628930818,2024-01-31 23:49:39.628930818
68,en_route_with_client,c7b813b7-777c-465c-b080-d62dd8b53c58,95245988-48d8-43cc-b920-e4deb7722525,2024-02-01T00:02:59.769740998,2024-01-31 23:52:56.769740998
143,en_route_to_client,a858f293-b7c8-4c1b-ab05-721d14474912,4a4764a4-6b6e-4261-bc09-8730e4a1de85,2024-02-01T00:15:51.774836601,2024-02-01 00:02:50.774836601
213,en_route_with_client,0a0ed8fc-64b9-414b-846f-0424f1c92a9d,57619173-ebe8-4f6e-8b32-edfde11fd304,2024-02-01T00:06:52.465180467,2024-01-31 23:49:43.465180467
17,en_route_with_client,9246be5b-6d88-4421-9796-68bddaeb8ca2,49023aea-cd2c-4e10-8249-b9684dd3aba6,2024-02-01T00:09:22.663887998,2024-01-31 23:57:14.663887998
91,en_route_with_client,35001ea3-17a1-4366-af69-f81d8e59a38b,fbbb0184-e25c-4df7-b451-8a3fde80b95a,2024-02-01T00:20:47.262118491,2024-01-31 23:58:52.262118491
254,en_route_to_client,0a4d8538-b463-4e71-9d15-dfe439554f0d,85327151-10bc-424e-9e70-98ea81f78b23,2024-02-01T00:07:03.861658268,2024-02-01 00:01:09.861658268
65,en_route_with_client,b9f8f675-bd71-4d47-91cc-aea7fe1a2515,74d231da-5d8a-4038-afa9-f214081cab04,2024-02-01T00:00:39.835330902,2024-01-31 23:44:27.835330902
256,en_route_with_client,39f0b97c-00d5-4e6b-b1b9-ec3a28e6abf3,0d2e0ed6-a7e9-43f6-b747-cf059e020469,2024-02-01T00:09:17.809045726,2024-01-31 23:51:31.809045726
36,en_route_with_client,2bca627e-7d7b-44d4-b596-352913165689,4d943f90-96a6-48c2-9c42-370115aa20f7,2024-02-01T00:06:48.723531612,2024-01-31 23:59:51.723531612
42,en_route_with_client,c0d41a5d-1358-49fc-aa76-6e1c2256bc0b,f630aaf0-2e80-4d25-ae3d-404b94d612dd,2024-02-01T00:07:11.074733638,2024-01-31 23:50:55.074733638
197,en_route_with_client,edbeae22-4650-49d4-8c1c-ef62f9a09a90,0014752d-1946-4df0-b1d1-c3b8dc4ea76c,2024-02-01T00:17:06.270845921,2024-01-31 23:47:33.270845921
265,en_route_with_client,8708e317-e4ea-413d-a2aa-820a29976078,75678877-b7af-4f9e-bf38-bf9dbedf61bc,2024-02-01T00:04:31.545454545,2024-01-31 23:48:45.545454545
117,en_route_with_client,c3ccaced-eedb-4fb7-ae39-5f2c220e1b5f,56d39541-6505-4682-8c48-9f409096d1e8,2024-02-01T00:08:54.005450185,2024-01-31 23:55:35.005450185
56,en_route_with_client,930899b6-9f0b-4ba7-acee-da8e95d2436c,20456745-28c2-4eeb-b566-aa095ff0ff8a,2024-02-01T00:04:57.116968699,2024-01-31 23:46:36.116968699
231,en_route_with_client,c3df2050-5bd1-47f1-89ce-9e4fe25e325b,ac36b8ca-fbfc-47dd-9701-609eed90ce75,2024-02-01T00:18:07.603571429,2024-01-31 23:57:11.603571429
254,en_route_with_client,53cd19de-d1dc-417b-9066-b43182f52dee,ab42f4bd-34e3-46fa-a7d6-8a12c2b526a0,2024-02-01T00:17:06.315436242,2024-01-31 23:56:30.315436242
7,en_route_with_client,7e1b9f26-c080-4a42-aa23-3fe73bd1eb14,b566282f-d7ab-45a2-8d25-a5cdee68291d,2024-02-01T00:05:17.765491822,2024-01-31 23:53:14.765491822
146,en_route_with_client,f62de2dd-a194-429b-abd7-c28f7116d3a0,933f6ca9-990c-4d61-9c6a-30adc9625752,2024-02-01T00:19:57.348837209,2024-01-31 23:51:52.348837209
142,en_route_with_client,f4a33b2b-aa61-4114-bfea-774fed2f9fba,0ae4ad29-883e-472f-a0a8-a15abeb6eb77,2024-02-01T00:01:33.423381463,2024-01-31 23:48:41.423381463
134,en_route_with_client,11841904-41ec-450e-b3e2-e8db17afee65,04b1bac2-380c-40f4-bdf1-4a1a47d912b3,2024-02-01T00:02:19.820149254,2024-01-31 23:38:21.820149254
17,en_route_with_client,3bba60d1-1651-471f-82ef-5fef43605420,0290370f-54a8-4c92-9998-bc6babfd0925,2024-02-01T00:18:54.663887998,2024-01-31 23:39:14.663887998
56,en_route_with_client,017b067b-802e-4d5e-9b52-ac5dabd90651,131a874c-777b-4012-b3d7-0ec4cbdf4f36,2024-02-01T00:03:31.655597567,2024-01-31 23:55:49.655597567
106,en_route_to_client,d6dc8094-62c7-455f-ad58-5ca8a31534ea,fcb23ef1-182d-43ba-8da9-baf1ede74e8f,2024-02-01T00:21:52.445219124,2024-02-01 00:07:53.445219124
196,en_route_with_client,d0ce6ab6-f23a-4f4b-a854-747590310d53,f3a7ba9d-303a-4602-802e-81199419d6d4,2024-02-01T00:04:51.016098485,2024-01-31 23:43:16.016098485
89,en_route_to_client,5a535f0b-cc85-4889-bfbd-d391712293e2,61109474-ce79-4a55-a498-41f2abe2f644,2024-02-01T00:22:20.495674193,2024-02-01 00:09:17.495674193
142,en_route_to_client,17ceedae-c505-4d7b-8ab4-f5506f960dc6,6a15f00b-aa8f-4365-b894-2d505c16223e,2024-02-01T00:15:37.757292616,2024-02-01 00:05:11.757292616
245,en_route_with_client,ddedd061-d7c7-4bb0-88c9-ea1555f6216b,df79b11c-aff2-432b-8432-d63598fd6429,2024-02-01T00:12:47.447738386,2024-01-31 23:58:42.447738386
139,en_route_with_client,8d886488-b0c3-4402-9e1a-5561d8606c42,4dddb983-439e-4918-976c-74db3bf2a36e,2024-02-01T00:05:41.562745098,2024-01-31 23:58:05.562745098
75,en_route_to_client,5f3f17e8-a064-47e5-b2e8-b34a940e1d8d,df457d83-a975-443a-8572-2bc52a8c2f90,2024-02-01T00:18:11.376368946,2024-02-01 00:08:29.376368946
188,en_route_with_client,cfaf4858-2fe1-4d64-aa70-c37094665d70,87824302-0318-4c84-a7d0-b3bf8e3075b6,2024-02-01T00:04:06.120572866,2024-01-31 23:47:03.120572866
160,en_route_to_client,ba28ba67-8155-453d-b7ad-2916c24b4302,8f511738-956e-4fc8-a48b-a03743b678c9,2024-02-01T00:23:43.245449818,2024-02-01 00:02:46.245449818
63,en_route_to_client,01ed4a9e-c792-440e-8a7a-0a67657f1963,6709e975-2042-437c-b623-75fee67a2506,2024-02-01T00:13:06.746808511,2024-02-01 00:01:11.746808511
164,en_route_with_client,0edaa9ea-bf1c-4e1d-9265-3b8824b144a2,7a46d82f-88be-44cf-81be-380f4ffdb2bb,2024-02-01T00:09:34.465987512,2024-01-31 23:55:01.465987512
160,en_route_with_client,f0bcbc3d-57e1-4909-a44b-271147ffc790,fd2d38ce-9193-435f-a127-8baf811b3999,2024-02-01T00:00:37.148461538,2024-01-31 23:49:09.148461538
144,idle,,6713902f-0c61-4d74-a7ef-b6e91c2ee667,2024-01-31T23:59:37.339743590,2024-01-31 23:45:10.339743590
82,en_route_with_client,b566d6f8-ffdb-4ec6-b9d3-b8fc995fd382,0b5c578f-c470-428c-b858-367de5240ee7,2024-02-01T00:01:22.299628702,2024-01-31 23:46:27.299628702
137,en_route_to_client,b1d4f5aa-cdf7-49b1-904d-4163bb210029,31b2c690-67b2-418a-b7a8-4cd8d6c48213,2024-02-01T00:31:56.878181818,2024-02-01 00:08:37.878181818
151,en_route_with_client,c5bd2cb8-c235-420b-bb59-d9e7ddaf6d02,522b85b8-3d06-482d-acb4-0fd7d095253d,2024-02-01T00:11:23.300000000,2024-01-31 23:41:00.300000000
124,en_route_with_client,1cee22b0-a159-4876-80a7-40e6141bb9b4,b1f8479e-7749-46c5-a68d-3ebd1c484de8,2024-02-01T00:06:56.491516966,2024-01-31 23:42:03.491516966
185,en_route_with_client,21d900ca-306d-45ff-9637-154ca285eea2,62aacc71-d650-4faf-aed2-dfea4489c6aa,2024-02-01T00:06:42.898630137,2024-01-31 23:38:47.898630137
247,en_route_to_client,7eda8b06-e30b-4aeb-8c96-2cdedafcb3bf,a60e0c82-e9df-438d-b137-b4447ccd5338,2024-02-01T00:15:22.612084966,2024-02-01 00:04:09.612084966
210,en_route_with_client,8246bdf6-f17b-4a41-accc-32ca5d68b4ae,faedf570-9e62-4682-a250-8d7f8dea7ba9,2024-02-01T00:27:34.416228716,2024-01-31 23:59:47.416228716
72,en_route_with_client,6e32bac1-bc04-4a1f-b0c5-c46ec3ea5bc1,5438dd24-15b5-4a6d-b447-248381935e6f,2024-02-01T00:03:38.265275206,2024-01-31 23:47:16.265275206
259,en_route_with_client,5fae9578-a93c-4e76-a64c-9f66dfa36359,49cfea7e-6409-4622-9a94-e5f54db753a1,2024-02-01T00:02:18.976605147,2024-01-31 23:37:11.976605147
28,en_route_to_client,485d9ce7-e7be-4315-ae37-ca7c8ee178ac,3e919e1d-e079-4ac3-845e-ef8fdbf56cc0,2024-02-01T00:13:35.154456193,2024-02-01 00:02:48.154456193
48,en_route_with_client,371be5a6-b25b-45d5-8607-e1870c1728ff,02cb32b4-27e9-4c61-86b6-8d7720ad16ea,2024-02-01T00:02:12.498581963,2024-01-31 23:50:40.498581963
139,en_route_with_client,c19e8976-76a5-4e69-829a-ca4d045bdb73,08453bdf-7c69-4cbf-ab7f-5cb3b0cff664,2024-02-01T00:03:34.373106061,2024-01-31 23:32:36.373106061
69,en_route_with_client,c267e6b1-b69b-41d4-8b83-aa79b3be607c,055320cb-678a-40da-9a09-d99e0ef94aca,2024-02-01T00:07:25.737581433,2024-01-31 23:57:21.737581433
126,en_route_with_client,84983116-9a3e-4130-9ad8-1bc0c61ccee3,3533d6c4-1601-4f47-a650-379abbfa9473,2024-02-01T00:18:07.244222361,2024-01-31 23:55:59.244222361
119,en_route_with_client,218f79f1-d4cf-4d0b-b0ee-3210cdfcf54c,40abc016-8bb7-4eb4-a5da-01fc4dc23544,2024-02-01T00:08:11.634146341,2024-01-31 23:58:05.634146341
224,en_route_with_client,b4eae64c-68fd-4c0d-9345-2a50627618e1,6a5861cc-20ba-486f-a48b-ef0f4eba5812,2024-02-01T00:13:43.030651341,2024-01-31 23:48:57.030651341
37,idle,,ac5a6f16-3103-4214-8670-22d5bd18e096,2024-01-31T23:59:21.088309808,2024-01-31 23:47:55.088309808
42,en_route_with_client,6dbf1b0f-7744-4f6b-809a-417f7a696421,14a7a6ca-452c-4b22-9acc-44847c15aa5b,2024-02-01T00:03:07.074733638,2024-01-31 23:52:55.074733638
247,en_route_with_client,859a41cf-15eb-4a5a-8723-37d80f2089cc,1b86c6f6-df31-4417-9913-f8c16278717a,2024-02-01T00:00:06.905197953,2024-01-31 23:45:13.905197953
205,en_route_with_client,9a9d91e2-0574-4579-9b01-7acbbd6ab715,a17ad387-9437-47bc-8f73-6bd1423268f8,2024-02-01T00:12:01.504823150,2024-01-31 23:56:03.504823150
164,en_route_to_client,6ffb2061-3830-4aa5-bba8-9861a23fa400,f5b2c88c-4b41-4dd7-b2ef-b07691f4262d,2024-02-01T00:14:11.465987512,2024-02-01 00:04:01.465987512
17,en_route_with_client,65397d69-b0ed-47ae-8e30-d93139bafd63,87f0cdea-f975-4922-9c3c-ec79d3730bcd,2024-02-01T00:12:59.605444582,2024-01-31 23:55:38.605444582
42,en_route_to_client,c2be406c-9fbf-4d76-8661-ac7868430de9,64cb5bed-e833-4857-bfe3-3c10c9a6870d,2024-02-01T00:09:38.082946743,2024-02-01 00:02:10.082946743
213,en_route_with_client,25514f3e-003a-4246-9d59-c7cc3fc681f6,73036cfc-769e-46ac-9baf-263eb7dfd661,2024-02-01T00:08:07.565963432,2024-01-31 23:54:14.565963432
243,en_route_with_client,ac46ff6b-4707-4534-9eb2-7b632c75fc2d,09f8b982-eecf-4da7-8ba1-10f4df4b1068,2024-02-01T00:09:59.483493680,2024-01-31 23:41:48.483493680
265,en_route_with_client,ee818013-05f1-444e-948f-e5b578525064,bb489bcc-ba6b-43ec-8373-7233a4b6cf6f,2024-02-01T00:01:16.500000000,2024-01-31 23:53:50.500000000
145,en_route_to_client,67701d99-6ecb-4db7-ad0f-6fed3c68daf0,c2971db7-1100-47b8-b56a-1650a8912d04,2024-02-01T00:17:49.587757982,2024-02-01 00:02:17.587757982
223,en_route_with_client,424e5e2f-68f0-4515-84f4-49668ccf895e,b395ddb8-c934-47c9-8ee0-53509ed11c70,2024-02-01T00:22:23.323736404,2024-01-31 23:59:36.323736404
152,en_route_with_client,1cb7e094-a944-4cc0-ae64-107a3443ef6e,f389154e-f842-42e9-a7a7-7ef1ef08419e,2024-02-01T00:05:49.669947887,2024-01-31 23:54:45.669947887
148,en_route_with_client,2862ad0b-1189-4292-8e06-8771f1297b0f,67c28c09-30c0-44a0-acf8-4886be687607,2024-02-01T00:09:15.683488269,2024-01-31 23:50:21.683488269
23,en_route_to_client,ca34ed42-dfa8-4b91-a63d-fdbfd3a0c1f0,d891a562-84bc-480e-8bf1-5af97f076635,2024-02-01T00:09:47.101873001,2024-02-01 00:01:58.101873001
260,en_route_to_client,b9fb2d78-1065-4476-b220-4fc9bec48596,99994f01-5d2c-4103-92cb-be5aaa68a99f,2024-02-01T00:21:30.611756780,2024-02-01 00:09:13.611756780
82,idle,,336b6c92-edde-4e05-9da6-865f28070f92,2024-01-31T23:59:26.273715415,2024-01-31 23:34:47.273715415
238,en_route_with_client,cf754d54-02b6-4593-9e86-236bfc446637,ca1ee44c-b363-492a-82c2-80f29fb5b539,2024-02-01T00:07:43.540540541,2024-01-31 23:47:39.540540541
107,en_route_with_client,dcc2e7f7-995a-4081-a1c7-72bc43187a3c,2f638816-de91-4f3c-a190-6a121dc1afb3,2024-02-01T00:05:26.714028777,2024-01-31 23:30:14.714028777
198,en_route_with_client,4fae2aac-35b8-4a96-8837-86e44268d003,7df3bf14-1cb7-471c-9a30-bc4ec1d81215,2024-02-01T00:01:30.061418392,2024-01-31 23:30:25.061418392
82,en_route_with_client,67917c4c-b382-4d9b-bfd2-d3bf64bd7ffe,e202058a-bf6d-44ed-aa33-89c81e333b43,2024-02-01T00:02:42.299628702,2024-01-31 23:44:27.299628702
210,en_route_to_client,7e972986-8403-434a-b67a-9cfef7457443,ec947cce-dac5-4398-af09-3e5652f430b7,2024-02-01T00:12:07.780096308,2024-02-01 00:06:08.780096308
22,en_route_with_client,95b8eb5c-295b-4463-ba78-49324945696c,a615351d-c9c7-4838-988c-cdc187b5316f,2024-02-01T00:04:56.031546392,2024-01-31 23:50:49.031546392
263,en_route_to_client,624ed728-22a0-42db-a0b9-7c4c02a3f4e1,7eff0ae1-ccb9-4480-9480-e9b60eadff59,2024-02-01T00:12:31.149253731,2024-02-01 00:00:19.149253731
68,en_route_with_client,69443227-5c2d-4437-843e-1a7cbdbfbc3b,1aacc2e9-ffd5-4189-a794-1934f36ecc5c,2024-02-01T00:01:20.949488625,2024-01-31 23:46:57.949488625
87,en_route_with_client,59ecc0b7-c120-4974-ba58-582f1fadac43,d6486e92-681d-46c1-a496-49070803831c,2024-02-01T00:06:49.534965035,2024-01-31 23:24:18.534965035
69,en_route_to_client,c48dc612-1cc3-4fa1-bff4-e691f37bd419,328a1243-eefb-4c6a-84d0-8d9c189fef3e,2024-02-01T00:05:46.829062500,2024-02-01 00:00:42.829062500
129,en_route_to_client,cd47f56a-989b-4803-96c4-55ccf8a6ca51,b1d45421-d728-4794-83f1-61062328fd06,2024-02-01T00:21:49.339784946,2024-02-01 00:04:14.339784946
134,en_route_with_client,2b53bf13-dc3f-4306-bba5-ab10c0c57e39,04217309-891b-47cc-960c-a4dfcca11b13,2024-02-01T00:06:54.547878788,2024-01-31 23:45:29.547878788
81,en_route_to_client,718ff482-a575-4264-ac98-c6f17f63f60c,6fd30ec7-638f-49f9-b5cc-f1de1a5f18a7,2024-02-01T00:11:08.393146121,2024-02-01 00:01:26.393146121
62,en_route_with_client,95f2361e-4d18-4cae-a2b5-7694bee70031,45a304b6-694e-4ae9-a506-770e6bb87bd3,2024-02-01T00:01:52.637779553,2024-01-31 23:51:46.637779553
42,en_route_with_client,4d4cbac2-27cf-4408-a1a3-a6e77d8cbb63,64825f56-a8af-486c-89e2-dc9df4526cc6,2024-02-01T00:08:12.533018868,2024-01-31 23:44:30.533018868
68,en_route_with_client,4563ac72-5234-4e00-8afd-fc24afa051a0,cf2e2839-c674-4f23-885c-313c65af0427,2024-02-01T00:09:43.769740998,2024-01-31 23:50:56.769740998
18,en_route_to_client,0809512e-a589-4a36-949e-b0a4995d6dd3,90fd8813-1aeb-4081-a685-fd2e73354867,2024-02-01T00:15:02.462192817,2024-02-01 00:07:08.462192817
4,en_route_to_client,c2b05a77-ae78-4229-85ec-a7e12c5927b1,87cad14c-a89f-48c9-8a94-e259f1ad45a6,2024-02-01T00:20:49.305582762,2024-02-01 00:00:06.305582762
242,en_route_to_client,8bc00215-15b3-4a03-9897-9dcc4babca8d,6c6ff219-5a0a-4deb-87ce-c7f878e4aaac,2024-02-01T00:08:57.997135417,2024-02-01 00:00:35.997135417
19,en_route_with_client,347f7721-8126-457d-ba85-3a8de911fb33,2305c953-947a-4ff7-8e3b-da2ed0a68aa3,2024-02-01T00:05:16.711442786,2024-01-31 23:59:53.711442786
143,en_route_with_client,882031b6-ad7f-475b-b8ce-ebf9265a577e,9c3808ae-1920-4ee4-9b12-d5dbd17c3879,2024-02-01T00:04:31.774836601,2024-01-31 23:29:50.774836601
78,en_route_to_client,ec470b68-5b68-4395-a6ae-bf3fe0b382be,e16d0d77-fa19-4597-8b22-c2fce62ec560,2024-02-01T00:15:39.846881720,2024-02-01 00:04:43.846881720
47,en_route_to_client,2969cd44-b9c7-48ac-91e6-b74e9e8a49cc,10ea0d6e-bef1-46a5-8408-f97998e7cee4,2024-02-01T00:21:26.152729384,2024-02-01 00:07:34.152729384
61,en_route_with_client,15979eca-2549-416c-aeb5-93faf247117a,f22a3894-6457-4fae-91b5-94371fddaa40,2024-02-01T00:19:18.293557242,2024-01-31 23:53:26.293557242
256,en_route_to_client,97608b1e-180e-4f1d-abc1-a339e6a70ab2,2758963e-a5b6-4462-b923-16c28aa5c7f8,2024-02-01T00:25:22.809045726,2024-02-01 00:08:31.809045726
162,en_route_with_client,a372d647-479e-4f6f-ad78-d9d646bd382b,ea10d797-5989-441e-acea-f9204d6bf340,2024-02-01T00:07:28.748375116,2024-01-31 23:44:53.748375116
254,en_route_to_client,a6459174-e0c9-414a-be4f-183735fb074b,884afbd2-713b-426d-8880-19046af8be7c,2024-02-01T00:17:23.178949554,2024-02-01 00:09:46.178949554
47,en_route_with_client,c7e9f465-6058-4105-8b76-a5100b790813,f5a124d9-30a9-45a1-92d6-b5d55163089c,2024-02-01T00:04:32.696091205,2024-01-31 23:45:40.696091205
167,en_route_to_client,97eff609-8f05-4919-8570-25ad2df53538,7be7e933-133a-4724-b5d7-e85afb59c858,2024-02-01T00:10:06.805854241,2024-02-01 00:02:27.805854241
265,en_route_to_client,4600e2e9-1b04-41d6-a670-8ae011f93663,f3dd280c-4702-47f9-ae47-92c69c824ff2,2024-02-01T00:15:25.000000000,2024-02-01 00:04:02.000000000
256,en_route_to_client,55bee388-ec40-4b25-9a6a-3c1c4ca402ba,08339775-4b65-4d57-87a0-686f176d6d1a,2024-02-01T00:24:53.809045726,2024-02-01 00:06:31.809045726
235,en_route_with_client,3c37f3ed-fa51-4280-afb0-de7d9a3ed381,bd7fb4bf-8ead-4f53-bed7-d61f6e91d41f,2024-02-01T00:08:21.092930445,2024-01-31 23:55:17.092930445
112,en_route_with_client,be25fd5b-a226-4290-8344-50c136427344,402bccc3-d9f5-4abd-bb31-3b51d9bb1451,2024-02-01T00:25:18.991433247,2024-01-31 23:58:54.991433247
209,en_route_with_client,8bf3e071-3ff7-47ef-9b77-b9057f1ac382,58aa15cd-32d6-4c26-a43b-26abcbd39180,2024-02-01T00:09:28.008196721,2024-01-31 23:36:58.008196721
265,en_route_with_client,b2c9fb43-d428-4075-8da7-d32b2981d659,b16706f0-83d4-4f57-85f2-6910fc55fd25,2024-02-01T00:02:58.545454545,2024-01-31 23:47:45.545454545
119,en_route_with_client,1ae04888-0854-4e8e-bc6e-a2f5e8043c89,c32a29bd-bff8-41ae-9c1e-227847d84137,2024-02-01T00:05:29.120468793,2024-01-31 23:50:32.120468793
129,en_route_with_client,1bb758f5-e37c-4f12-9bd4-3b87294ce91a,edcb5d1d-6f82-4db0-b836-8e9e813b9ca8,2024-02-01T00:30:28.287638980,2024-01-31 23:59:17.287638980
181,en_route_to_client,8cd4f438-9d9b-4a2e-b3db-cb0a6b0746be,cf882e1f-d142-425a-b81e-f67f90dccdbb,2024-02-01T00:19:51.304283165,2024-02-01 00:06:24.304283165
17,en_route_with_client,fbd1b266-b6f8-402a-a586-02efdf5ce512,f8e20a4a-c3cc-42a5-921a-74016619630f,2024-02-01T00:08:07.663887998,2024-01-31 23:56:14.663887998
153,en_route_with_client,201fda35-6b70-4de3-906d-19776b1fcd7f,bf62ab3c-8fc9-4468-ac56-2bce5e1b8cec,2024-02-01T00:07:51.099765258,2024-01-31 23:51:35.099765258
45,en_route_with_client,2a2a2b06-32b6-4504-b8a2-aadd7b6c9011,fb934c70-02d8-4b68-8f57-f37577d81163,2024-02-01T00:04:57.646900270,2024-01-31 23:57:24.646900270
185,en_route_to_client,3fc022f7-24a7-4de6-a6d6-71c840ee607c,d546e3c8-b8a1-416d-8fe1-dd5dece39d60,2024-02-01T00:12:44.898630137,2024-02-01 00:05:47.898630137
76,en_route_with_client,5f21aa71-df35-494e-9989-98ed68430ad7,badfbcb2-af5c-49cf-a20c-9a1595efb7eb,2024-02-01T00:17:41.630281915,2024-01-31 23:57:09.630281915
56,en_route_with_client,3737b796-8338-4a2f-adaf-e10429d873b0,af9bb854-9181-4493-937a-6b0ee37375f5,2024-02-01T00:06:33.655597567,2024-01-31 23:58:49.655597567
180,en_route_to_client,da86a2dc-c10c-4faf-bee4-9a19b85b17a6,7b14199a-fe0e-4298-b0fe-8a14def2c3f3,2024-02-01T00:20:20.457963446,2024-02-01 00:03:13.457963446
97,en_route_to_client,da404d98-56d5-4dd0-8cb0-97cbea30a2e0,608b8f9a-9506-4b46-9aef-a893bb199cc6,2024-02-01T00:08:37.256488549,2024-02-01 00:00:45.256488549
92,en_route_with_client,6cd46ae6-d454-4787-b25b-609384bf041a,ac28d2b3-b5f5-4ff1-a1ac-145a5c84f70a,2024-02-01T00:01:10.535894965,2024-01-31 23:48:54.535894965
64,en_route_with_client,82dad09e-e92f-4408-a91c-0db8c8409a52,d5364958-c3e9-47bf-aeb0-7c1637522070,2024-02-01T00:06:49.349056604,2024-01-31 23:55:05.349056604
260,en_route_to_client,21a5b7b5-a18e-475c-a37d-0a7254371514,40d5befb-ca70-4c1a-87c3-847438132e62,2024-02-01T00:17:32.149087799,2024-02-01 00:02:23.149087799
137,en_route_with_client,ce1a7443-900b-4677-a6f2-cbf41d6dc9b1,a870d2ef-14f8-4a54-9192-1bfa5e81b607,2024-02-01T00:11:23.339743590,2024-01-31 23:45:10.339743590
256,en_route_with_client,c061272d-6918-41ae-83bd-ef41627e8369,4e209960-e4d5-487f-915f-4470ac3011bb,2024-02-01T00:10:34.809045726,2024-01-31 23:59:31.809045726
263,en_route_with_client,982312a3-a5f9-47dd-8eba-01555fb12a09,4b533ea7-c3eb-4cad-803d-cb0fa2cbd4b2,2024-02-01T00:22:14.149253731,2024-01-31 23:47:19.149253731
258,en_route_with_client,a0080d74-dd06-4a19-abaa-2f5b7855fe41,fa7a2ede-9d2c-405c-ba80-732746b8978c,2024-02-01T00:17:31.470348139,2024-01-31 23:55:11.470348139
17,en_route_with_client,a2c3b4e1-48b8-4d1b-a498-b8cd700b5573,4daedc7b-fb1f-4de3-80fb-f6e04c932521,2024-02-01T00:06:27.663887998,2024-01-31 23:30:14.663887998
165,en_route_with_client,8d90a137-3678-48c9-a439-7071e31bc254,6617b9a7-f200-4b68-ae59-8e0ea1dcac78,2024-02-01T00:00:40.396279396,2024-01-31 23:49:50.396279396
61,en_route_to_client,2eb88082-641a-496a-ad8a-f4128cc5e2eb,76410461-5fff-47e8-af21-1a16d59bd82e,2024-02-01T00:10:40.293557242,2024-02-01 00:00:26.293557242
152,en_route_with_client,ec7427de-0e8f-4e0b-9b36-1867be67db89,00440f25-83c3-4f34-a325-11dc6a8a4d50,2024-02-01T00:23:42.818299805,2024-01-31 23:42:36.818299805
133,en_route_with_client,6abd568c-6c75-4276-96fa-8e3912ba1c13,c9f79096-4914-42ef-ab9c-2ba470fb2f5a,2024-02-01T00:05:27.731102850,2024-01-31 23:48:47.731102850
49,en_route_to_client,8b8c1778-64ef-44f9-a17c-0b119cf36d8c,47f9d699-552b-48d5-be8a-78fa95871d38,2024-02-01T00:15:49.029589254,2024-02-01 00:00:59.029589254
131,en_route_with_client,099621cf-9d23-4bd0-b377-032def16e7e5,4593b91b-92e4-45b0-a96c-48497f33ae43,2024-02-01T00:18:18.923312883,2024-01-31 23:37:22.923312883
82,en_route_to_client,4474588d-8898-4b75-8aff-df13638b81b5,204f57d4-ecdf-4d88-9a12-de06df58a374,2024-02-01T00:14:54.299628702,2024-02-01 00:07:27.299628702
251,en_route_to_client,19231998-f5e1-48d4-8d37-4f4d987b9970,e1abe8f7-146c-4ab3-9bca-3cff106c81fd,2024-02-01T00:23:32.105162524,2024-02-01 00:09:39.105162524
129,en_route_with_client,e4b3e024-3737-4731-bae6-5a34d1f40217,eb9d76c1-0d79-4f01-90e0-36d6645fae93,2024-02-01T00:07:19.339784946,2024-01-31 23:40:14.339784946
202,idle,,b24662e9-8c71-4285-b43a-7b036ff0b86d,2024-01-31T23:59:04.315508021,2024-01-31 23:36:22.315508021
39,en_route_with_client,3e586eb3-ffa5-4b66-acdd-37f6edcff036,423c4604-9dd8-4744-93e2-bb451fafc41e,2024-02-01T00:01:03.263924025,2024-01-31 23:32:17.263924025
91,en_route_with_client,5fc7366b-fc5f-4537-82ba-2ef18232186d,d3b4d6e9-3fbb-4c4a-a4e3-8945abaaebe7,2024-02-01T00:25:30.262118491,2024-01-31 23:49:52.262118491
230,en_route_to_client,02acd721-996a-45d0-a60b-c0481d0643a9,e84a2aca-797b-4f72-9164-6c421252d4b3,2024-02-01T00:18:34.259796358,2024-02-01 00:07:33.259796358
36,en_route_to_client,387fd804-61e2-46e9-a3f1-450338e1599c,072a23ff-2a06-4817-91dd-11ee900620a7,2024-02-01T00:21:34.088383120,2024-02-01 00:08:46.088383120
145,en_route_with_client,4ff70641-02bd-4626-bc9d-d0b4bec19f4a,62d9a0df-3378-48c1-9162-cc135621d9dc,2024-02-01T00:14:20.587757982,2024-01-31 23:42:17.587757982
169,en_route_to_client,3a3d26bc-28f9-4ea4-afc9-d3fe768e4938,5861a3bf-b278-4c6e-afc0-fdb11c1524cf,2024-02-01T00:20:54.193034826,2024-02-01 00:08:44.193034826
169,en_route_to_client,e079b5d3-29f7-4a02-8e25-f33c02200c02,b3b7e273-9518-48cf-b458-7849c5b31ab8,2024-02-01T00:18:04.404606198,2024-02-01 00:07:32.404606198
216,en_route_to_client,b93eefe8-ea49-43d8-a61c-9b44a5696940,879105f3-e88e-4cd8-a75e-f1948804d87e,2024-02-01T00:33:33.600459902,2024-02-01 00:05:09.600459902
33,en_route_to_client,09994494-f4bf-49eb-b341-8f45f1f655f4,78f80c58-c3bd-4c64-8b02-701fd16f7bb9,2024-02-01T00:20:47.317924528,2024-02-01 00:02:51.317924528
17,en_route_with_client,4eee7335-4bcb-4dbe-8b28-cc03c645b0a3,ec254670-d2d5-48c3-8515-e6b4db52be2e,2024-02-01T00:26:23.663887998,2024-01-31 23:51:14.663887998
7,en_route_to_client,5ad13a5d-5d5a-406d-9c97-148e738df96c,1d688ff5-3e47-4011-9470-e2f08db7f8fc,2024-02-01T00:07:31.765491822,2024-02-01 00:02:14.765491822
39,en_route_with_client,244b2254-a29f-44b8-8114-00ad91dc04cc,defc89db-3591-4b2d-bfd2-1bdcb315ba39,2024-02-01T00:34:37.263924025,2024-01-31 23:57:17.263924025
165,en_route_to_client,1b184c2e-2f64-4821-b968-b09ccbe8ba7c,b79523e0-6e64-4930-a6d5-a87faf649609,2024-02-01T00:14:16.055830707,2024-02-01 00:04:12.055830707
129,en_route_to_client,1c712616-9c3c-4f98-87f0-2f57ddbdfcbe,2af23a5b-8ed3-479f-bb2e-81641b10bfa5,2024-02-01T00:24:24.875572240,2024-02-01 00:07:33.875572240
217,en_route_with_client,c68493ee-7c0b-486e-9a3f-77888d6c4fee,20602496-beb8-4468-87a0-8706c5bff8d5,2024-02-01T00:01:35.258902387,2024-01-31 23:47:43.258902387
227,en_route_to_client,c7c05e78-92e0-4528-96b9-5369ab6ae3fc,02a61794-4b1a-44b3-bcdd-168cb396850a,2024-02-01T00:27:08.174153749,2024-02-01 00:04:05.174153749
170,en_route_with_client,e1b4f93c-bae8-4bc8-abbb-f3d41f985896,0b38b389-c615-4b57-af9f-399a9bd878cb,2024-02-01T00:12:43.793103448,2024-01-31 23:54:42.793103448
218,en_route_with_client,ebaaa336-0b2b-4fc1-b72e-d36aab164144,fa77be81-4770-4e23-b147-3c35cbc8d3d0,2024-02-01T00:12:20.559967585,2024-01-31 23:51:18.559967585
102,en_route_with_client,ae97581e-8e22-42f6-85da-336740978e82,6f7ae2d1-f71e-465f-960c-3f0148abccf0,2024-02-01T00:06:38.542635659,2024-01-31 23:44:07.542635659
36,idle,,41b4e847-ebed-40a7-a169-3f790abaf819,2024-01-31T23:59:10.275106313,2024-01-31 23:53:56.275106313
42,en_route_to_client,9220500d-c1aa-4a6e-af89-e113d67f769a,058f9c43-04a9-4a99-9f11-e7fa699a7fe1,2024-02-01T00:11:23.082946743,2024-02-01 00:01:10.082946743
239,en_route_with_client,1ca8028b-487c-4723-ab74-d2bb875df368,f19906fb-f97a-4fb5-812e-5f94faf9dfcd,2024-02-01T00:09:22.610078146,2024-01-31 23:56:56.610078146
177,en_route_to_client,280fe2df-6dde-4aca-a8b9-ebbe1e39187b,d31cf0cc-3e53-4c95-98ba-276fae5b2799,2024-02-01T00:13:59.125783132,2024-02-01 00:01:41.125783132
228,idle,,884c292a-036b-472e-a21d-4b922e011885,2024-01-31T23:59:37.943455497,2024-01-31 23:39:39.943455497
74,en_route_with_client,a09c6277-426f-442b-b24e-1bb945b55a96,13ceca69-08f0-4015-8bb1-bd2bd556bd98,2024-02-01T00:00:38.294875308,2024-01-31 23:37:19.294875308
265,en_route_with_client,c8d0d8e5-03f6-405c-a53c-aad5d1602b4f,f4273824-eacc-40a4-9f18-54c0db74d274,2024-02-01T00:06:45.000000000,2024-01-31 23:58:25.000000000
200,en_route_with_client,719c096b-dacd-4a80-a7c2-8248e71c9471,3a4bb121-c945-4c31-819f-499539a91e5c,2024-02-01T00:06:38.114521842,2024-01-31 23:56:53.114521842
130,en_route_to_client,fbd1ac86-1733-4c3f-8601-f1d168ad0a6d,e1933ed8-5aea-4ebb-a09f-7291288dcb77,2024-02-01T00:13:11.838952014,2024-02-01 00:02:21.838952014
265,en_route_with_client,27dea855-61e6-42d9-999e-a6e6a1976b01,70f5b5bd-a00c-4076-9046-2b4985069954,2024-02-01T00:09:34.000000000,2024-01-31 23:55:25.000000000
71,en_route_with_client,0c98d686-b316-4223-a450-7d80a113c090,145251c4-0921-45b1-9a1c-ff67e0a74f00,2024-02-01T00:06:17.495158167,2024-01-31 23:49:58.495158167
127,en_route_with_client,0664fd02-bdca-42d5-a720-a4ea4931f686,a28774b9-b1eb-49fc-87b2-2f2aac258d23,2024-02-01T00:14:39.383988592,2024-01-31 23:57:00.383988592
221,en_route_to_client,ae26fdef-17d7-4f64-9e9c-5389df093fce,33490232-9983-439d-8cd0-9564f7f4d3a9,2024-02-01T00:19:40.326246618,2024-02-01 00:01:48.326246618
86,en_route_to_client,0a552086-70bd-4753-a833-aea6f8245122,a0afeac6-9224-47c0-82a1-f5cd6d4a2cf8,2024-02-01T00:24:04.136476427,2024-02-01 00:03:50.136476427
42,en_route_with_client,aa49473a-241c-41b5-90ea-afeb0e9de064,f305e8cf-e156-4ae8-81dc-f22dc1017fc6,2024-02-01T00:02:54.074733638,2024-01-31 23:42:55.074733638
223,en_route_with_client,e4f1d635-23f7-47f3-8038-ae17287d864a,fff00a21-1527-4ec3-9019-3272c0385b19,2024-02-01T00:15:36.554914656,2024-01-31 23:48:26.554914656
260,en_route_with_client,be12bd58-f56e-40b9-b838-a0986972b3f7,fc94b99f-62ec-438d-9405-be0c4c4a4872,2024-02-01T00:11:30.149087799,2024-01-31 23:54:23.149087799
132,en_route_to_client,22abb950-5d50-4048-a036-760d55d26d7e,ac34304c-42d6-4f41-901d-29c3a56594e9,2024-02-01T00:27:33.696630877,2024-02-01 00:04:28.696630877
250,en_route_with_client,33416571-97e4-4489-82fb-54aad6e8a2f3,3c6216ae-2bd0-4fa2-9cfd-25078aa89a2f,2024-02-01T00:04:36.395512821,2024-01-31 23:50:33.395512821
47,en_route_with_client,718b84a6-9a11-49dd-bbbb-d04b7c265399,0a405142-d8ec-4b52-b3cc-ef6b1dc5084a,2024-02-01T00:08:23.696091205,2024-01-31 23:56:40.696091205
63,en_route_with_client,cdcf5fd8-67ae-4dbd-a7f5-19d564dc06c6,f62f3d7a-053d-48c9-b59a-edfec6b25e57,2024-02-01T00:09:52.319500871,2024-01-31 23:57:55.319500871
220,en_route_to_client,44ee6e82-f01c-428c-9b11-a7693094c5b8,15a29118-c69e-4588-8fe7-4461b45bee17,2024-02-01T00:10:02.203561222,2024-02-01 00:01:17.203561222
121,en_route_with_client,51cf8556-3ce9-47e4-b2a8-2e56c283ed9a,cdfc4a39-2305-4334-a101-d495f12641a4,2024-02-01T00:08:45.103759398,2024-01-31 23:51:41.103759398
250,en_route_with_client,f0ac0e8e-f927-4d59-b333-6c9bed3de343,404f01af-0b03-4480-b6b5-8b840df52de0,2024-02-01T00:09:42.395512821,2024-01-31 23:57:33.395512821
42,en_route_to_client,1427e70f-738e-41df-9664-102a3451515f,f96073a3-dd90-4169-a194-d4105021eff6,2024-02-01T00:10:14.082946743,2024-02-01 00:03:10.082946743
129,en_route_to_client,38933248-8b7b-4946-a043-ab7f0171b1e4,03ffe49d-523b-4fba-aec1-a8f9f8522281,2024-02-01T00:18:38.566675757,2024-02-01 00:06:12.566675757
167,en_route_to_client,403c7567-27b2-41f0-a3e1-5c0b7a06fb65,d4cfbc4c-955c-4cf8-bac6-d9b2c80b13d8,2024-02-01T00:24:25.162139219,2024-02-01 00:05:09.162139219
191,en_route_with_client,844df0ea-55d6-46c4-9ca9-d08104034b47,0a27dd2f-f81a-49a5-8e92-2600ae3b0259,2024-02-01T00:09:25.816074189,2024-01-31 23:55:10.816074189
37,en_route_to_client,5d88b22f-0a5b-4c9b-9534-e85d160a69f8,c43de18e-6b39-47cb-b779-3dbecdfcf0e6,2024-02-01T00:14:32.275106313,2024-02-01 00:08:56.275106313
239,en_route_with_client,fb826997-39a1-4a34-8c03-e7734049db7f,d549875d-3c29-46f6-8a27-0d23fd2430fa,2024-02-01T00:05:50.610078146,2024-01-31 23:54:56.610078146
234,en_route_with_client,4f120db5-957e-4d90-b93a-52e7147a9e5e,20fc4cc6-f4fb-43cf-9b5f-ec91d572bc29,2024-02-01T00:06:46.830617284,2024-01-31 23:46:11.830617284
74,en_route_with_client,39240d2e-8455-45fc-8f99-ff78ce4c4396,502c1105-98e5-47a7-9401-61962f322bfa,2024-02-01T00:04:14.272707542,2024-01-31 23:43:28.272707542
255,en_route_to_client,e971b07b-31b3-4578-b48d-6e917d4fe2b8,819086ff-c3c1-48e9-b275-1ecabe8a8077,2024-02-01T00:19:35.564378848,2024-02-01 00:05:11.564378848
220,en_route_with_client,46a4285b-eb91-4d1a-b1a7-1de0a3b5d70c,6e0056fd-6c0b-40f7-853c-87d2286254ba,2024-02-01T00:11:21.517525773,2024-01-31 23:58:43.517525773
78,en_route_with_client,7fb657f1-6543-405c-ae80-9d9e99e32702,ecd3444c-8cd4-4fc1-8cdd-0a473e180d35,2024-02-01T00:01:53.846881720,2024-01-31 23:51:43.846881720
256,en_route_with_client,fe2dac64-4022-43a9-a762-667f40bd8c50,972b6cfa-c210-4d76-95dc-ea72f100dda5,2024-02-01T00:01:40.809045726,2024-01-31 23:53:31.809045726
133,en_route_to_client,f1032e5f-4ffd-4bd0-9ad7-3f284ae16e0a,5508e1af-0299-452b-9f6b-0b93131110cd,2024-02-01T00:24:58.635106703,2024-02-01 00:07:53.635106703
152,en_route_with_client,47fae961-db41-4344-b490-c3b8bacf8ced,238a5b8d-d2cf-4bad-907e-e9f43aba9699,2024-02-01T00:07:21.818299805,2024-01-31 23:40:36.818299805
210,en_route_with_client,025d9bcc-4c75-47ba-8eb7-3d44108154c6,c31bde0a-0ad6-44c5-9782-df09a8bce4c2,2024-02-01T00:11:28.780096308,2024-01-31 23:54:08.780096308
142,en_route_with_client,8d0275dc-6c13-494b-b46b-2288b21464c4,c0482364-fe48-4467-bff2-036705293bd4,2024-02-01T00:20:57.423381463,2024-01-31 23:42:41.423381463
258,en_route_with_client,9a840e33-3199-4bb2-9bea-0618b9c83bf9,268c7107-3eef-4dae-af48-a5f90f1e1857,2024-02-01T00:02:09.470348139,2024-01-31 23:53:11.470348139
56,en_route_with_client,cfd71266-a9ae-4634-87bf-ed1d78ca2750,12517ea2-8dc7-4939-9bcc-f1ff1d63c16a,2024-02-01T00:15:05.977358491,2024-01-31 23:54:31.977358491
169,en_route_to_client,11f673ce-d086-4698-b353-e239fbe0ddee,61021fb5-3f43-4a15-bb67-acf403232f84,2024-02-01T00:14:37.042587601,2024-02-01 00:04:12.042587601
256,en_route_with_client,7dc4c851-4b88-4f17-b134-ce2b66900769,f5c28240-2a13-4e64-a439-5d15116181b2,2024-02-01T00:20:55.809045726,2024-01-31 23:59:31.809045726
216,idle,,34bd82c8-252f-4660-96fd-1a2931fbd31c,2024-01-31T23:59:12.137171286,2024-01-31 23:47:03.137171286
33,en_route_with_client,8eec9d0c-9733-408a-b2cf-2249ea0a4a12,fde99f41-1fc9-45bc-bd5d-31f4d943d090,2024-02-01T00:11:19.317924528,2024-01-31 23:51:51.317924528
135,en_route_with_client,19d01c06-537b-4044-82c2-09358c33b70b,97fea750-5968-4c49-846f-e25d27d26f13,2024-02-01T00:09:03.352452830,2024-01-31 23:52:33.352452830
3,en_route_with_client,be9d0005-7613-42bb-887f-fd16e65eafe7,f715b898-8dd2-4b53-92e1-dc72b3c5fafe,2024-02-01T00:14:51.562500000,2024-01-31 23:51:59.562500000
119,en_route_with_client,6854725a-a6a1-4815-86bc-e7079fccd104,ee57c73a-f322-4e1c-aade-6255fdadc1d4,2024-02-01T00:08:18.197123243,2024-01-31 23:56:00.197123243
75,en_route_to_client,9dd6b1c0-8c2d-4bb0-9eda-30f53816411d,8bb9bbf8-f277-43b0-8c53-efeda5c0b6a9,2024-02-01T00:23:24.376368946,2024-02-01 00:08:29.376368946
130,en_route_with_client,7dcdab07-18a0-467f-8429-0b43e412d92d,1267dce2-2e25-4fb2-b2ba-1ab8634c0287,2024-02-01T00:02:11.677358321,2024-01-31 23:43:19.677358321
241,en_route_to_client,3272f840-04a3-4d9f-9cfd-e5031738db50,ee82c916-1f8a-4992-a400-434e95e45e2c,2024-02-01T00:12:44.517609047,2024-02-01 00:02:26.517609047
183,en_route_to_client,e621b518-7a95-416e-9242-aa71d1fc4e30,8ad184f5-4bd9-4a75-8fbd-5acc2d82ab1f,2024-02-01T00:15:34.569767442,2024-02-01 00:00:06.569767442
241,en_route_to_client,86c823e4-a11a-450c-a2b3-83a2a998a33f,88be58c8-5962-4e1d-8b27-0be9573ea8bd,2024-02-01T00:16:03.271506236,2024-02-01 00:06:24.271506236
78,en_route_with_client,9ef65ac6-76ac-47c4-bf5e-ac1223f2c1ac,1c0cf141-fd39-4738-88e1-2029d2e622d5,2024-02-01T00:11:59.709656513,2024-01-31 23:54:37.709656513
160,en_route_with_client,f8746ca4-e6ec-4aaa-9775-e912b81c3fec,9eeb14fc-cead-4840-8f45-a1cdda97e550,2024-02-01T00:14:04.822976501,2024-01-31 23:59:11.822976501
167,en_route_with_client,3d471b67-a219-4b81-a312-1930d7ca0e16,4a8d21af-5292-41ee-bad1-40061d549b13,2024-02-01T00:00:32.162139219,2024-01-31 23:44:09.162139219
64,en_route_with_client,ec1f50a5-5ba1-4f1b-833b-5750549712f0,d1dbd3b5-a3f8-437e-adf4-e36ef380e1c1,2024-02-01T00:02:14.105504587,2024-01-31 23:37:35.105504587
217,en_route_to_client,5fd1caac-7d08-4f2a-8c05-e4d9ea5be0a4,01018d02-bb17-4b0b-96d3-446e4b81edbf,2024-02-01T00:19:38.258902387,2024-02-01 00:01:43.258902387
135,en_route_to_client,33054d6b-93bb-4d90-a400-c466edb2493a,3a787c39-b05c-4764-b286-840635f20bdc,2024-02-01T00:17:06.555915721,2024-02-01 00:07:52.555915721
38,en_route_with_client,45b86203-e016-4b6f-92ab-5aadd8e42616,8a38a874-b35a-4127-8bd4-1c0c0b8c395e,2024-02-01T00:22:27.019480519,2024-01-31 23:56:35.019480519
108,en_route_with_client,bf25d1c9-7660-4e66-b363-64c90bdfeb45,8a841978-1963-4fda-aa78-b6c28bc9a013,2024-02-01T00:04:05.778495887,2024-01-31 23:39:02.778495887
188,en_route_to_client,b74bb493-8c12-4aa9-ac7b-7c378933514c,43ce0448-c075-42ec-8121-2996e66f053b,2024-02-01T00:47:51.120572866,2024-02-01 00:05:03.120572866
226,en_route_with_client,ef91ee7a-b64f-4c7f-9f58-096087240e8b,16cc92a2-c0d8-4916-a600-e8eda41780cd,2024-02-01T00:05:26.313033894,2024-01-31 23:55:32.313033894
7,en_route_with_client,4eb5952e-2ce1-4c36-919d-54b7f522ca47,a5657d2b-f26f-4069-9e52-10f1694810c4,2024-02-01T00:07:15.765491822,2024-01-31 23:50:14.765491822
139,en_route_to_client,ac4b35db-8076-42de-a314-782b448cabe7,261ac66f-cc09-44bf-b5f8-40ca93b682e8,2024-02-01T00:15:59.925504397,2024-02-01 00:00:23.925504397
225,en_route_with_client,a9c950fa-a6d0-4a43-ab12-e1fba86bf98b,041b6f1c-9043-47c9-acc2-c1a135854f75,2024-02-01T00:13:07.534994221,2024-01-31 23:44:14.534994221
92,en_route_with_client,d2c31422-8029-402c-87a2-4b953115329a,68995a2d-2f43-4135-ae0c-d75ffce58acb,2024-02-01T00:08:50.800700414,2024-01-31 23:38:46.800700414
137,en_route_to_client,4d0c6cf9-73c2-4248-afe1-4711db558b1b,69ea0ed5-6627-47ec-bb69-3238f8ed906c,2024-02-01T00:22:58.078666667,2024-02-01 00:07:29.078666667
236,en_route_to_client,dc254b6c-3854-4505-9968-9fa05d033de8,aecb4362-b57e-4a04-aea2-0bc1a0f90077,2024-02-01T00:24:11.133688061,2024-02-01 00:04:26.133688061
174,en_route_to_client,a2196ad9-c556-4207-b323-bd52fa5ba018,9914b8f4-d138-4ac2-bac2-2b43c76756c2,2024-02-01T00:25:46.269179004,2024-02-01 00:07:18.269179004
141,en_route_to_client,54760fce-7bd6-4d3d-96f6-4b6789f0f36c,58ec65f1-a7dd-44a2-8cef-3f4cce0088f6,2024-02-01T00:12:28.879160420,2024-02-01 00:06:50.879160420
9,en_route_with_client,19a93763-eb84-40c3-a84c-044a4fa99975,2c21541d-7ec4-436e-8847-34ca1e9dd1d0,2024-02-01T00:17:36.885802469,2024-01-31 23:55:50.885802469
112,en_route_with_client,5d629ad4-54b6-4a4b-a64d-bfc66119dd2e,fb1eb993-ee1a-4b73-bc60-a6d8dd1910b0,2024-02-01T00:09:41.991433247,2024-01-31 23:56:54.991433247
55,en_route_to_client,3e0f11be-30e1-4d86-97fc-d16e2cf489ff,112f242b-a323-427a-8f61-4ed00d65ed0c,2024-02-01T00:10:28.585974178,2024-02-01 00:05:16.585974178
47,en_route_with_client,630430b6-a80a-4ac1-8579-6af2861b0c95,3e21a614-f9d0-4047-ab12-8400a8ca416b,2024-02-01T00:01:22.696091205,2024-01-31 23:51:40.696091205
26,en_route_to_client,82e88030-c8a8-4822-9292-2bf22c66fb05,8623719e-9407-4b3b-b78c-d2f9feb329d0,2024-02-01T00:16:02.699787347,2024-02-01 00:04:49.699787347
15,en_route_with_client,3497cbbd-9d90-4ca2-be13-49adb8ec849e,51dadbf2-2e90-4113-9c71-bbacb85300c5,2024-02-01T00:10:30.837078652,2024-01-31 23:54:04.837078652
209,en_route_with_client,daaaaf43-d2c0-48cd-99bd-b1988a4cff7a,901b10e4-92b0-41ac-bec5-3064173d1399,2024-02-01T00:07:27.008196721,2024-01-31 23:35:58.008196721
174,en_route_with_client,673bdb6b-ee4e-4b46-b1c8-18c9f302c336,233bb90b-9efa-44dc-a828-7404b53cd7fb,2024-02-01T00:00:56.215034965,2024-01-31 23:54:59.215034965
258,en_route_with_client,aeec5931-8170-45d4-b31a-f97202dcbc54,33694305-54f5-4568-b66c-1f4dc75d0ec6,2024-02-01T00:07:54.470348139,2024-01-31 23:53:11.470348139
229,en_route_with_client,bc6b5c8b-11e6-4eb9-a743-ee8e38bed4c5,c4e501e1-277a-44d4-b48e-834bdf74c414,2024-02-01T00:15:08.336905559,2024-01-31 23:57:55.336905559
86,en_route_to_client,88f4dd11-3761-4a5a-9e08-32c3b3250f40,f5081375-e503-4b8e-8f52-2ea438a55b00,2024-02-01T00:12:55.888452474,2024-02-01 00:03:58.888452474
216,en_route_to_client,eb4317f1-aeb0-49b2-8f41-6cc2ada03f9c,cec6ff6e-79ad-48d1-8184-8ed435e4cb55,2024-02-01T00:12:50.600459902,2024-02-01 00:02:09.600459902
242,en_route_to_client,d5501eb2-c786-40b7-8b5d-355a7f7c1b6f,a6e9254a-8837-44f6-a626-16c1cb15d93b,2024-02-01T00:31:53.997135417,2024-02-01 00:04:35.997135417
78,en_route_with_client,d3f21410-b51d-44e6-bd50-bf6ab2cd0808,92a3d6ec-ff03-4c4c-8c44-41c3a908b1a0,2024-02-01T00:04:58.846881720,2024-01-31 23:52:43.846881720
37,en_route_with_client,84e1dc34-e1cc-460f-b69b-ea557d451509,e81573e2-79d7-44c8-a80c-45b8df50d3a5,2024-02-01T00:01:00.598407168,2024-01-31 23:52:36.598407168
256,en_route_with_client,2431d2e2-ee7d-4bb2-a880-26aae0dd00e6,ee6890a7-efdb-441d-b267-85d01118814c,2024-02-01T00:14:20.809045726,2024-01-31 23:43:31.809045726
232,en_route_with_client,df09c8b5-5f8a-4ab0-b3c1-476cba2293d7,0d9b5cc3-81df-4f11-a426-8d413f23d215,2024-02-01T00:20:17.216867470,2024-01-31 23:57:57.216867470
193,en_route_with_client,d0f50ed3-e7ec-47c3-a415-45c5eab306bf,9b748f89-7cb7-4d93-a76d-bd9383914e93,2024-02-01T00:29:38.416124837,2024-01-31 23:58:55.416124837
91,en_route_with_client,5ba7e705-4569-42fc-954f-4842ef1afddd,65747a5d-b795-47be-bdb0-d9e496b37eb3,2024-02-01T00:02:54.262118491,2024-01-31 23:50:52.262118491
42,en_route_with_client,8480a3b6-d7f2-4e35-9166-3cb60cbbc368,7dd0be7a-cb72-4c30-a5b5-c815fdffbd6e,2024-02-01T00:00:49.074733638,2024-01-31 23:49:55.074733638
130,en_route_with_client,e21f7dfe-c0c5-4b89-a4c0-9d5d2d9fa868,c15577ac-f2e6-450f-beda-0b0cefb573a3,2024-02-01T00:04:49.838952014,2024-01-31 23:40:21.838952014
161,en_route_with_client,a3d129da-3e68-4716-8803-c6a581607fd7,c44b1298-80ae-4dac-8f7d-e6ef87175eb6,2024-02-01T00:23:07.463003434,2024-01-31 23:50:58.463003434
169,idle,,cd3aa695-dd7f-4264-b1f0-0d87a0ac8796,2024-01-31T23:59:20.430495510,2024-01-31 23:34:49.430495510
232,en_route_with_client,7a8c2250-dc57-4387-9a9a-3b00061b0454,bed0ca00-a7ac-4e6d-8a61-d4c2f8418f2f,2024-02-01T00:18:30.216867470,2024-01-31 23:59:57.216867470
237,en_route_with_client,09f9feb4-6d67-41ad-aa95-5d270683ac92,6d815b70-9b28-4f4f-bd12-a04fd687a750,2024-02-01T00:02:09.245792315,2024-01-31 23:53:32.245792315
156,en_route_with_client,794765a8-d3cb-4681-87d9-da0662d7e480,a58840f1-538c-4e7a-bf20-f89c740e6b32,2024-02-01T00:09:10.143310658,2024-01-31 23:54:03.143310658
167,en_route_to_client,d83a5507-34ea-4a72-af3b-7b5342b36ef2,9c91dc87-3d64-4c4a-a3c1-75e9aa2c0452,2024-02-01T00:13:32.805854241,2024-02-01 00:00:27.805854241
71,en_route_with_client,1595e4c7-c667-41a5-b511-49eff028ae81,d567197c-4d3c-4e81-a504-c761e6d57b06,2024-02-01T00:13:43.495158167,2024-01-31 23:58:58.495158167
218,en_route_to_client,c3505e4e-247e-44cc-9d09-8e793b4cff77,78e962cd-1f29-4eb7-ac8b-63cf81f99b9e,2024-02-01T00:20:21.630975143,2024-02-01 00:09:13.630975143
112,en_route_to_client,f7e18156-7851-4cc9-a465-b50fbf4e0318,add153e4-e503-482b-8a50-cd5f9900641f,2024-02-01T00:21:27.991433247,2024-02-01 00:03:54.991433247
80,en_route_with_client,b9923106-726c-4b03-86a3-8accc778e410,6d844860-20fb-4820-b939-dab24b3ed49e,2024-02-01T00:14:05.287325677,2024-01-31 23:56:52.287325677
161,en_route_to_client,c5c62608-7758-4c5a-8402-b33218845ab4,dea21483-886c-4e6f-b883-c0baba5ecb67,2024-02-01T00:27:54.463003434,2024-02-01 00:04:58.463003434
71,en_route_with_client,6817a3ad-d9de-43f8-9ab1-943513886e87,2e03604b-fc0f-47ed-a41f-2538813bf88c,2024-02-01T00:06:21.495158167,2024-01-31 23:57:58.495158167
261,en_route_to_client,094f1129-ba6d-4cd7-bdf8-b920eab5325e,61fc95a7-8725-4a34-966c-ae772d0976b0,2024-02-01T00:16:01.498801917,2024-02-01 00:08:38.498801917
146,en_route_with_client,0ea468c3-506d-4e19-a1cc-b6d5f1e2c527,06946f70-c817-4c94-b02e-21ae705f8633,2024-02-01T00:20:15.348837209,2024-01-31 23:42:52.348837209
159,en_route_to_client,7aa55b16-b2a4-4fe5-a78f-5feefaada2ec,4ad212f4-21ba-4e2e-bc11-fba860cb022c,2024-02-01T00:28:32.984092995,2024-02-01 00:09:15.984092995
119,en_route_with_client,0c24cb94-30b0-457a-baf5-db3cc7db2625,602a331c-3689-44d7-bf97-2479c7f34047,2024-02-01T00:06:40.634146341,2024-01-31 23:53:05.634146341
140,idle,,15c549f9-3e62-45b8-af2c-7c027c83a6f5,2024-01-31T23:59:26.149087799,2024-01-31 23:40:23.149087799
255,en_route_to_client,60b882bd-3b30-4efe-805e-f51bac46702f,dce622ce-7302-4dc3-8043-714c4ffd14a0,2024-02-01T00:11:09.564378848,2024-02-01 00:00:11.564378848
198,idle,,27138dcc-92bc-43ee-8c70-9c46df1aefeb,2024-01-31T23:59:01.275106313,2024-01-31 23:50:56.275106313
216,en_route_with_client,9fba6aa4-18f7-4138-ba77-e858b1b15c18,14e872e4-be54-4f1a-b566-1de0a6c1616c,2024-02-01T00:26:43.781837722,2024-01-31 23:46:20.781837722
20,en_route_to_client,f1df91eb-f20c-42d6-973e-513907938c9b,e4e3a62a-256c-4691-b2b7-fd2be8729d61,2024-02-01T00:11:38.749105546,2024-02-01 00:01:19.749105546
174,en_route_with_client,38415c8b-3ddc-4959-942d-bec160f8f11a,9523a862-f0eb-472c-98ee-5f97215cfcd7,2024-02-01T00:01:53.434985035,2024-01-31 23:50:20.434985035
75,en_route_with_client,93f69af3-c4c0-4ad7-8800-e0029ce2d39b,43fabd6a-4903-41ae-b42e-a20101ad1133,2024-02-01T00:04:19.376368946,2024-01-31 23:55:29.376368946
28,en_route_to_client,da3f203c-f8dc-4b36-85a4-a76f8da74bb9,418fdf1e-ca6c-4ab2-ad9d-e19a0fa3e50b,2024-02-01T00:27:54.154456193,2024-02-01 00:05:48.154456193
257,en_route_to_client,ca840e3f-7da3-4b08-b2e6-9187a48cf34e,cd91fc9f-ae0b-497d-92f7-5610cae3aa6e,2024-02-01T00:32:58.664371773,2024-02-01 00:09:52.664371773
254,en_route_with_client,a00d27da-77a5-4810-bee2-2a5a72ce3bfb,f7617b3e-1f5e-441c-bf1e-edcba81dcbf8,2024-02-01T00:00:18.861658268,2024-01-31 23:52:09.861658268
164,en_route_to_client,7741d0ee-06ac-4cdb-89dd-5c917452b238,0d6bbeac-3fc9-4b66-a549-5a69cb405f30,2024-02-01T00:16:33.314155629,2024-02-01 00:07:10.314155629
17,en_route_with_client,7ed91a17-604c-454a-b48b-6e43e099a9c0,2cae59ba-5c52-40b2-a306-1ca18ead0d79,2024-02-01T00:00:53.663887998,2024-01-31 23:29:14.663887998
153,en_route_with_client,700380db-b6c7-438b-afe8-2463e7b993a4,e467021d-97a0-4016-9c4a-3f6187d08fbe,2024-02-01T00:09:18.099765258,2024-01-31 23:46:35.099765258
47,en_route_with_client,140d39c8-385c-4051-a237-6d861e19b2c0,c1e6aa0e-c45d-472c-872b-bfe60156d8a5,2024-02-01T00:11:33.152729384,2024-01-31 23:53:34.152729384
265,en_route_to_client,e828a15d-6d7f-4d86-9145-ea2350a7cc59,c1e7d504-59ac-489b-9d09-9708cfd2c714,2024-02-01T00:19:03.000000000,2024-02-01 00:08:32.000000000
129,en_route_with_client,53db8d0f-d0ca-4d00-8f2a-f388ea7630c2,89db09c5-e932-450d-9c18-bf482c8b72f4,2024-02-01T00:01:13.339784946,2024-01-31 23:30:14.339784946
80,en_route_to_client,518c6428-9596-4e85-bfa6-32ec870a1678,c93f61d1-5b4d-4433-83a3-ee741d8e298a,2024-02-01T00:22:05.287325677,2024-02-01 00:02:52.287325677
68,en_route_with_client,e2859338-12e8-4084-a83b-711fb92ae5d5,7f186c6b-acd2-4618-80e4-e2d221fc066d,2024-02-01T00:14:08.769740998,2024-01-31 23:47:56.769740998
50,en_route_to_client,dbff8e4c-9928-4dd5-966c-d564b7732c70,712574cf-9544-4364-b5d7-4ab6786421be,2024-02-01T00:29:11.122549020,2024-02-01 00:05:35.122549020
75,en_route_with_client,63f4d71b-0b7c-49d4-bcd4-33cd4629b4fe,ea6bbb65-83a6-4953-80ad-6fbd7a6cc81b,2024-02-01T00:13:27.376368946,2024-01-31 23:54:29.376368946
254,en_route_with_client,cc917fe1-8159-4bc9-ace8-d5d78b38a319,8d9f961b-5e75-4975-91d6-f0955a62ca23,2024-02-01T00:02:18.315436242,2024-01-31 23:46:30.315436242
112,en_route_to_client,ab273810-3d17-44d0-880f-6e2ffff8ec12,7a6b834a-f850-424b-b886-f2809e078a97,2024-02-01T00:13:43.991433247,2024-02-01 00:04:54.991433247
225,en_route_with_client,5ef6dfc9-fb5c-4a49-9096-926f9d641954,fda7ca01-b2f0-4050-a47f-85f2f2592816,2024-02-01T00:35:19.534994221,2024-01-31 23:55:14.534994221
107,en_route_with_client,47acc5ca-ed39-4a00-a56c-e2b899d0e1ce,5aa5bea1-ab3e-484a-9417-d3a59ce64d19,2024-02-01T00:01:49.036927622,2024-01-31 23:50:16.036927622
139,en_route_with_client,a65bfa9a-597e-4d6b-83b2-52c7fb7c6fa2,26b74a40-ebde-4cf3-a079-42dbd66a24ae,2024-02-01T00:01:00.373106061,2024-01-31 23:38:36.373106061
49,en_route_with_client,964dfb33-9bfc-4bfb-bc6b-afb5e90e6df7,8030580f-6646-40f2-a5d4-ce66577d843c,2024-02-01T00:16:51.029589254,2024-01-31 23:59:59.029589254
119,en_route_with_client,1c2cfafd-93b6-439f-b153-4115b522a594,e07221fc-388a-4701-b202-cbf0e0580a28,2024-02-01T00:11:52.120468793,2024-01-31 23:51:32.120468793
256,en_route_to_client,8d248c4d-cf88-4481-b904-e6bc5c637090,818d43e5-5172-4c0a-8496-d1c558e48b3e,2024-02-01T00:17:43.809045726,2024-02-01 00:03:31.809045726
132,idle,,aef79f31-bbb5-45c3-8759-429da3f846d2,2024-01-31T23:59:16.200000000,2024-01-31 23:50:30.200000000
108,en_route_with_client,4581a618-57d2-442f-98be-d35ff512aca7,17924908-03c4-4841-88a6-28ae0f1807d1,2024-02-01T00:00:25.302626094,2024-01-31 23:41:13.302626094
241,en_route_to_client,0be9270d-f3fd-4090-af54-0fcd6833b776,ac45338b-82f8-4634-8698-8a5adab591fa,2024-02-01T00:11:24.525201072,2024-02-01 00:05:06.525201072
56,en_route_to_client,3db94f80-0e1e-4e46-878d-20b74f12802f,337444cb-12c5-42ac-980e-45e8307fe692,2024-02-01T00:13:15.655597567,2024-02-01 00:01:49.655597567
77,en_route_with_client,0e6c3df1-5209-4dd5-9888-d1df130c761d,7f5b6eb2-b0aa-4639-b0a4-7527713b7967,2024-02-01T00:00:12.382701422,2024-01-31 23:48:11.382701422
225,en_route_with_client,c5a85b7e-bc92-4566-a253-57ffae4d46e1,d1eae393-0050-4c54-94e9-af983f8f847a,2024-02-01T00:20:04.534994221,2024-01-31 23:59:14.534994221
14,en_route_to_client,1ac1399f-a510-40f9-9372-7f5139f651ee,7bd637ee-ef60-4aba-b6e7-b3c3815c3651,2024-02-01T00:20:22.144595641,2024-02-01 00:05:01.144595641
177,en_route_with_client,cda35fdd-af56-404a-9fb6-c3f03261929e,fb8c3992-0902-46d8-9884-2e4717c953f8,2024-02-01T00:11:21.974480346,2024-01-31 23:52:05.974480346
183,en_route_with_client,5cb27574-a926-4f4b-bf00-1b7eedd2b2ad,962f40de-a727-4ec3-829c-94f291b0f75a,2024-02-01T00:02:25.126767941,2024-01-31 23:52:56.126767941
185,en_route_with_client,5b582031-92f0-41e0-a93c-0038bbcaa592,723e00ea-4c96-441c-a43e-6e9be1c9fa40,2024-02-01T00:04:54.336619024,2024-01-31 23:46:39.336619024
213,en_route_to_client,6834a1cf-8cf2-48b3-ac21-f6e37636f6e7,27310ad7-2bf2-483d-9796-9b0ee912b725,2024-02-01T00:15:10.465180467,2024-02-01 00:08:43.465180467
61,en_route_to_client,c4f22110-66ec-43ff-89b6-f7b936abac1f,05c1d785-5ee6-4e33-abce-e6dfb491276f,2024-02-01T00:17:53.088309808,2024-02-01 00:05:55.088309808
141,en_route_with_client,06b9b652-4687-412a-86f1-8e495392dd35,3655fd72-8f0c-4958-86ee-abdac2572247,2024-02-01T00:00:15.879160420,2024-01-31 23:52:50.879160420
112,en_route_to_client,a9d6f4ce-3e4c-4b53-b559-47d860457302,ea8dfac2-0fa7-4a49-92bb-20e775ab22fd,2024-02-01T00:19:37.991433247,2024-02-01 00:02:54.991433247
62,en_route_with_client,7f21dc5e-3bba-4613-8643-a11f6a5062d9,8f259f1d-1286-48ae-9fb1-30d557dbe77e,2024-02-01T00:16:09.520124759,2024-01-31 23:59:30.520124759
72,en_route_with_client,8f2751c6-ffc9-4c63-9023-a9a334833037,f0bd26d1-d205-4b72-9dfc-a87c87bf007e,2024-02-01T00:07:03.265275206,2024-01-31 23:46:16.265275206
117,en_route_with_client,7c9e5fea-ef5f-4803-ba16-d7acd0372279,9f98003d-4e9f-4ace-acfa-8ba72c6f70be,2024-02-01T00:08:37.799013464,2024-01-31 23:52:54.799013464
178,en_route_with_client,4f25219a-8a30-4795-8762-9d71b2c27546,7baaf24f-ea93-4046-b997-f2dfdd476880,2024-02-01T00:00:13.769230769,2024-01-31 23:48:58.769230769
48,en_route_to_client,8030ce86-c340-49d8-a5ed-17afc63e278c,3ac432cc-74e0-4d90-83bc-b6519f20792a,2024-02-01T00:12:07.882583170,2024-02-01 00:00:21.882583170
94,en_route_with_client,e40b4be0-bd7d-4013-ac54-a92c61decf10,008c091e-4479-4abb-8a4d-3784c7789f7e,2024-02-01T00:03:14.136043360,2024-01-31 23:49:58.136043360
